Function,Department,Fund Type,FP Category,Fund,2026-27  Estimates,2026-27  Estimates % Change,2025-26  Estimates,2025-26  Estimates % Change,2024-25  Actuals,2024-25  Actuals % Change,2023-24  Actuals,2023-24  Actuals % Change,2022-23  Actuals,2022-23  Actuals % Change,2021-22  Actuals,2021-22  Actuals % Change,2020-21  Actuals,2020-21  Actuals % Change,2019-20  Actuals,2019-20  Actuals % Change,2018-19  Actuals,2018-19  Actuals % Change,Department Description,Fund Description,FP Category Description,Fund Type Description
Arts & Culture,Art Museum,General Fund,"Contrib., Indemnities & Taxes",General Fund,2142000.0,-8.54,2342000.0,-11.36,2642000.0,23.34,2142000.0,5.0,2040000.0,0.0,2040000.0,0.0,2040000.0,-20.0,2550000.0,0.0,2550000.0,,"The Philadelphia Museum of Art is an art museum originally chartered in 1876 for the Centennial Exposition in Philadelphia. As one of the largest museums in the country, the Philadelphia Museum of Art offers a vibrant campus for both Philadelphians and visitors to enjoy",,,
Arts & Culture,Mural Arts Program,General Fund,Personal Services,General Fund,666048.0,1.96,653245.0,3.82,629179.0,0.0,629179.0,3.0,610850.0,4.14,586569.0,1.32,578952.0,-9.4,638987.0,9.53,583401.0,,,,,
Arts & Culture,Mural Arts Program,General Fund,Purchase of Services,General Fund,3054141.0,-31.43,4454141.0,45.84,3054141.0,0.0,3054141.0,14.36,2670610.0,29.29,2065610.0,33.64,1545610.0,-16.93,1860615.0,28.26,1450615.0,,,,,
Arts & Culture,Office of Arts and Culture and the Creative Economy,General Fund,"Contrib., Indemnities & Taxes",General Fund,4300000.0,-48.81,8400000.0,-15.83,9980000.0,,,,,,,,,,,,,,,,,
Arts & Culture,Office of Arts and Culture and the Creative Economy,General Fund,"Materials, Supplies & Equip.",General Fund,10000.0,0.0,10000.0,,,,,,,,,,,,,,,,,,,
Arts & Culture,Office of Arts and Culture and the Creative Economy,General Fund,Personal Services,General Fund,935235.0,1.67,919833.0,28.68,714833.0,,,,,,,,,,,,,,,,,
Arts & Culture,Office of Arts and Culture and the Creative Economy,General Fund,Purchase of Services,General Fund,1325768.0,230.81,400768.0,206.47,130768.0,,,,,,,,,,,,,,,,,
Arts & Culture,Office of Arts and Culture and the Creative Economy,Grants Revenue Fund,Personal Services,Grants Revenue Fund,500000.0,,,,,,,,,,,,,,,,,,,,,
Arts & Culture,Office of Arts and Culture and the Creative Economy,Grants Revenue Fund,Purchase of Services,Grants Revenue Fund,2000000.0,3900.0,50000.0,,,,,,,,,,,,,,,,,,,
Commercial Corridors & Small Businesses,Commerce,Aviation Fund,"Contrib., Indemnities & Taxes",Aviation Fund,,,,,,,,,6300000.0,,,,6300000.0,0.0,6300000.0,0.0,6300000.0,,,,,
Commercial Corridors & Small Businesses,Commerce,Aviation Fund,"Materials, Supplies & Equip.",Aviation Fund,,,,,,,,,7800000.0,,,,7000000.0,-36.31,10990000.0,-4.43,11500000.0,,,,,
Commercial Corridors & Small Businesses,Commerce,Aviation Fund,Payments to Other Funds,Aviation Fund,,,,,,,,,20000000.0,,,,11000000.0,-45.0,20000000.0,-16.67,24000000.0,,,,,
Commercial Corridors & Small Businesses,Commerce,Aviation Fund,Personal Services,Aviation Fund,,,,,,,,,51601366.0,,,,54426534.0,-2.67,55920000.0,9.65,51000000.0,,,,,
Commercial Corridors & Small Businesses,Commerce,Aviation Fund,Purchase of Services,Aviation Fund,,,,,,,,,100000000.0,,,,85000000.0,-19.79,105978000.0,-0.96,107000000.0,,,,,
Commercial Corridors & Small Businesses,Commerce,Community Development Fund,"Materials, Supplies & Equip.",Community Development Fund,,,50000.0,,,,50000.0,1566.67,3000.0,0.0,3000.0,0.0,3000.0,0.0,3000.0,0.0,3000.0,,,,,
Commercial Corridors & Small Businesses,Commerce,Community Development Fund,Personal Services,Community Development Fund,2021729.0,-7.12,2176729.0,-16.17,2596615.0,20.7,2151287.0,0.0,2151287.0,4.42,2060302.0,32.05,1560302.0,0.0,1560302.0,36.83,1140312.0,,,,,
Commercial Corridors & Small Businesses,Commerce,Community Development Fund,Purchase of Services,Community Development Fund,17329250.0,-4.67,18178000.0,,,,18021000.0,17.05,15396570.0,0.0,15396570.0,60.56,9589323.0,0.0,9589323.0,15.4,8309306.0,,,,,
Commercial Corridors & Small Businesses,Commerce,General Fund,"Contrib., Indemnities & Taxes",General Fund,505000.0,0.0,505000.0,-49.75,1005000.0,99.01,505000.0,0.0,505000.0,1.0,500000.0,,0.0,-100.0,500000.0,0.0,500000.0,,,,,
Commercial Corridors & Small Businesses,Commerce,General Fund,"Materials, Supplies & Equip.",General Fund,181654.0,0.0,181654.0,20.73,150467.0,464.52,26654.0,-57.46,62654.0,135.06,26654.0,0.0,26654.0,0.0,26654.0,0.0,26654.0,,,,,
Commercial Corridors & Small Businesses,Commerce,General Fund,Personal Services,General Fund,7447173.0,2.69,7251854.0,43.52,5052861.0,-12.39,5767611.0,7.19,5380613.0,48.87,3614341.0,50.95,2394341.0,-31.0,3469881.0,63.67,2120079.0,,,,,
Commercial Corridors & Small Businesses,Commerce,General Fund,Purchase of Services,General Fund,7981928.0,-6.92,8574913.0,11.16,7713713.0,-37.01,12246293.0,28.09,9560549.0,-8.94,10499099.0,763.3,1216153.0,-79.23,5854826.0,73.89,3366925.0,,,,,
Commercial Corridors & Small Businesses,Commerce,Grants Revenue Fund,Personal Services,Grants Revenue Fund,,,,,,,,,,,297615.0,,,,,,,,,,,
Commercial Corridors & Small Businesses,Commerce,Grants Revenue Fund,Purchase of Services,Grants Revenue Fund,8022000.0,-35.82,12500000.0,-58.33,30000000.0,150.0,12000000.0,20.0,10000000.0,0.0,10000000.0,-1.72,10175000.0,0.0,10175000.0,1.75,10000000.0,,,,,
Commercial Corridors & Small Businesses,Commerce,Hotel Room Rental Tax Fund,"Contrib., Indemnities & Taxes",Hotel Room Rental Tax Fund,97200000.0,0.0,97200000.0,0.0,97200000.0,20.0,81000000.0,35.0,60000000.0,20.0,50000000.0,-11.7,56623000.0,,,,73868000.0,,,,,
Courts & the Justice System,District Attorney,General Fund,"Contrib., Indemnities & Taxes",General Fund,0.0,,0.0,,0.0,,0.0,,0.0,,0.0,,0.0,,0.0,,0.0,,,,,
Courts & the Justice System,District Attorney,General Fund,"Materials, Supplies & Equip.",General Fund,832275.0,0.0,832275.0,0.0,832275.0,0.0,832275.0,56.03,533417.0,1.6,525017.0,25.0,420017.0,-20.0,525021.0,-0.85,529521.0,,,,,
Courts & the Justice System,District Attorney,General Fund,Personal Services,General Fund,55408611.0,3.15,53718003.0,7.27,50075638.0,6.74,46912929.0,15.93,40467055.0,10.68,36562904.0,20.82,30262904.0,-13.57,35016343.0,-5.79,37168476.0,,,,,
Courts & the Justice System,District Attorney,General Fund,Purchase of Services,General Fund,3842186.0,-19.32,4762186.0,40.94,3378866.0,0.15,3373866.0,0.9,3343738.0,0.0,3343738.0,24.13,2693738.0,-20.0,3367172.0,-17.76,4094296.0,,,,,
Courts & the Justice System,District Attorney,Grants Revenue Fund,"Contrib., Indemnities & Taxes",Grants Revenue Fund,2000000.0,,,,,,,,,,,,,,,,,,,,,
Courts & the Justice System,District Attorney,Grants Revenue Fund,"Materials, Supplies & Equip.",Grants Revenue Fund,751000.0,-2.34,769000.0,-3.46,796600.0,-42.28,1380162.0,24.31,1110300.0,-31.52,1621300.0,-55.34,3630300.0,2.89,3528457.0,54.68,2281160.0,,,,,
Courts & the Justice System,District Attorney,Grants Revenue Fund,Pers. Svcs.-Emp.Benefits,Grants Revenue Fund,,,,,800000.0,-34.16,1215004.0,122.94,545000.0,-35.5,845000.0,55.05,545000.0,0.0,545000.0,-15.5,645000.0,,,,,
Courts & the Justice System,District Attorney,Grants Revenue Fund,Personal Services,Grants Revenue Fund,9705150.0,-20.21,12163285.0,-26.87,16631831.0,-12.03,18905944.0,61.1,11735780.0,10.64,10606780.0,28.15,8276780.0,24.03,6673001.0,-29.79,9504069.0,,,,,
Courts & the Justice System,District Attorney,Grants Revenue Fund,Purchase of Services,Grants Revenue Fund,3028750.0,-60.84,7735077.0,-21.66,9873100.0,-56.28,22583890.0,209.8,7289780.0,-3.55,7558360.0,72.67,4377460.0,-3.92,4556148.0,3.04,4421800.0,,,,,
Courts & the Justice System,First Judicial District,General Fund,"Contrib., Indemnities & Taxes",General Fund,0.0,,0.0,,,,0.0,,0.0,,0.0,,0.0,,0.0,,0.0,,,,,
Courts & the Justice System,First Judicial District,General Fund,"Materials, Supplies & Equip.",General Fund,2343461.0,0.0,2343461.0,0.0,2343461.0,0.0,2343461.0,5.0,2231868.0,0.0,2231868.0,0.0,2231868.0,0.0,2231868.0,0.0,2231868.0,,,,,
Courts & the Justice System,First Judicial District,General Fund,Personal Services,General Fund,127020161.0,4.55,121493440.0,2.54,118482716.0,1.41,116833778.0,5.12,111144985.0,5.53,105324122.0,0.0,105324122.0,0.51,104792068.0,6.02,98844666.0,,,,,
Courts & the Justice System,First Judicial District,General Fund,Purchase of Services,General Fund,9075191.0,0.0,9075191.0,0.0,9075191.0,-8.1,9875191.0,14.26,8643039.0,0.0,8643039.0,1.92,8480039.0,0.0,8480039.0,0.0,8480039.0,,,,,
Courts & the Justice System,First Judicial District,Grants Revenue Fund,"Materials, Supplies & Equip.",Grants Revenue Fund,3572500.0,6.86,3343050.0,-1.26,3385600.0,5.8,3200068.0,5.06,3046043.0,-3.26,3148720.0,56.38,2013465.0,22.93,1637846.0,-31.42,2388110.0,,,,,
Courts & the Justice System,First Judicial District,Grants Revenue Fund,Payments to Other Funds,Grants Revenue Fund,2506411.0,17.81,2127482.0,-1.32,2155902.0,31.07,1644863.0,-18.64,2021713.0,41.08,1433051.0,-74.51,5622507.0,,,,,,,,,
Courts & the Justice System,First Judicial District,Grants Revenue Fund,Pers. Svcs.-Emp.Benefits,Grants Revenue Fund,15252308.0,4.21,14635453.0,-2.59,15025096.0,-1.74,15291813.0,4.41,14646570.0,1.37,14449189.0,-0.86,14574449.0,-0.35,14624921.0,-0.53,14703283.0,,,,,
Courts & the Justice System,First Judicial District,Grants Revenue Fund,Personal Services,Grants Revenue Fund,30455784.0,3.44,29441723.0,6.43,27662534.0,-5.55,29286479.0,3.58,28273343.0,-3.61,29332037.0,-0.47,29471974.0,-3.6,30573045.0,6.53,28700216.0,,,,,
Courts & the Justice System,First Judicial District,Grants Revenue Fund,Purchase of Services,Grants Revenue Fund,4798080.0,2.62,4675624.0,0.64,4645687.0,-18.97,5733513.0,27.36,4501920.0,-1.91,4589500.0,-18.23,5612707.0,-2.27,5743058.0,-9.34,6334462.0,,,,,
Courts & the Justice System,Office of Public Safety,General Fund,"Materials, Supplies & Equip.",General Fund,281380.0,-11.76,318880.0,,,,,,,,,,,,,,,,,,,
Courts & the Justice System,Office of Public Safety,General Fund,Personal Services,General Fund,11670326.0,25.42,9305263.0,,,,,,,,,,,,,,,,,,,
Courts & the Justice System,Office of Public Safety,General Fund,Purchase of Services,General Fund,52714064.0,-8.4,57549103.0,,,,,,,,,,,,,,,,,,,
Courts & the Justice System,Office of Public Safety,Grants Revenue Fund,Personal Services,Grants Revenue Fund,165000.0,-76.81,711500.0,,,,,,,,,,,,,,,,,,,
Courts & the Justice System,Office of Public Safety,Grants Revenue Fund,Purchase of Services,Grants Revenue Fund,10002676.0,-13.52,11566032.0,,,,,,,,,,,,,,,,,,,
Courts & the Justice System,Prisons,General Fund,"Contrib., Indemnities & Taxes",General Fund,1701757.0,0.0,1701757.0,0.0,1701757.0,0.0,1701757.0,41.61,1201757.0,0.0,1201757.0,0.0,1201757.0,0.0,1201757.0,0.0,1201757.0,,,,,
Courts & the Justice System,Prisons,General Fund,"Materials, Supplies & Equip.",General Fund,11180008.0,69.91,6580008.0,-2.78,6768447.0,-4.75,7105822.0,52.01,4674595.0,-15.0,5499455.0,36.91,4016769.0,-8.16,4373744.0,0.0,4373744.0,,,,,
Courts & the Justice System,Prisons,General Fund,Personal Services,General Fund,180619728.0,0.68,179402433.0,3.91,172652248.0,0.35,172050282.0,26.94,135537939.0,2.11,132739167.0,4.85,126599446.0,-9.42,139765668.0,-3.9,145430918.0,,,,,
Courts & the Justice System,Prisons,General Fund,Purchase of Services,General Fund,124186746.0,1.33,122561746.0,2.27,119840329.0,7.08,111916569.0,6.9,104696211.0,6.6,98210934.0,11.16,88351948.0,-4.84,92842354.0,-5.61,98365387.0,,,,,
Courts & the Justice System,Sheriff,General Fund,"Contrib., Indemnities & Taxes",General Fund,0.0,,0.0,,0.0,,0.0,,0.0,,0.0,,0.0,,0.0,,0.0,,,,,
Courts & the Justice System,Sheriff,General Fund,"Materials, Supplies & Equip.",General Fund,1287133.0,0.0,1287133.0,0.0,1287133.0,0.0,1287133.0,6.95,1203507.0,141.59,498157.0,0.0,498157.0,-29.73,708907.0,49.27,474907.0,,,,,
Courts & the Justice System,Sheriff,General Fund,Personal Services,General Fund,31723477.0,0.55,31550600.0,-0.57,31732741.0,4.96,30232235.0,6.66,28345027.0,12.51,25192450.0,0.0,25192450.0,-0.99,25443537.0,3.55,24570248.0,,,,,
Courts & the Justice System,Sheriff,General Fund,Purchase of Services,General Fund,2647080.0,0.0,2647080.0,0.0,2647080.0,96.51,1347080.0,3.2,1305267.0,18.1,1105267.0,0.0,1105267.0,23.56,894517.0,-19.07,1105267.0,,,,,
Emergency Services,Fire,Aviation Fund,"Materials, Supplies & Equip.",Aviation Fund,132500.0,0.0,132500.0,35.9,97500.0,-21.82,124720.0,0.0,124720.0,0.0,124720.0,0.0,124720.0,-20.0,155900.0,0.0,155900.0,,,,,
Emergency Services,Fire,Aviation Fund,Payments to Other Funds,Aviation Fund,19000.0,0.0,19000.0,0.0,19000.0,0.0,19000.0,0.0,19000.0,0.0,19000.0,3.26,18400.0,-20.0,23000.0,0.0,23000.0,,,,,
Emergency Services,Fire,Aviation Fund,Personal Services,Aviation Fund,11930611.0,3.66,11509196.0,7.14,10742356.0,5.05,10226399.0,4.93,9745764.0,10.8,8796157.0,7.25,8201772.0,-10.13,9126574.0,11.82,8161574.0,,,,,
Emergency Services,Fire,Aviation Fund,Purchase of Services,Aviation Fund,20000.0,0.0,20000.0,33.33,15000.0,0.0,15000.0,0.0,15000.0,0.0,15000.0,25.0,12000.0,-20.0,15000.0,0.0,15000.0,,,,,
Emergency Services,Fire,General Fund,"Contrib., Indemnities & Taxes",General Fund,0.0,,0.0,,0.0,,0.0,,0.0,,0.0,,0.0,,0.0,,0.0,,,,,
Emergency Services,Fire,General Fund,"Materials, Supplies & Equip.",General Fund,31673714.0,36.03,23283589.0,9.37,21289691.0,50.54,14142530.0,13.64,12445064.0,10.38,11275064.0,22.65,9192914.0,4.09,8831714.0,6.93,8259314.0,,,,,
Emergency Services,Fire,General Fund,Payments to Other Funds,General Fund,12908000.0,50.48,8577920.0,3.39,8296986.0,15.46,7186300.0,1.85,7055640.0,-29.94,10071000.0,1.91,9882000.0,7.01,9235000.0,,0.0,,,,,
Emergency Services,Fire,General Fund,Personal Services,General Fund,395934095.0,0.98,392110292.0,0.94,388463277.0,6.25,365611225.0,3.19,354321176.0,6.41,332992022.0,15.12,289256642.0,5.58,273966292.0,4.05,263307745.0,,,,,
Emergency Services,Fire,General Fund,Purchase of Services,General Fund,20360034.0,0.54,20250034.0,44.2,14043352.0,1.36,13854729.0,96.01,7068282.0,5.06,6728143.0,0.05,6724702.0,3.2,6516272.0,7.78,6046121.0,,,,,
Emergency Services,Fire,Grants Revenue Fund,"Materials, Supplies & Equip.",Grants Revenue Fund,6161113.0,5.57,5836113.0,105.78,2836083.0,-21.95,3633469.0,-14.55,4252140.0,-13.78,4932000.0,-4.33,5155288.0,48.82,3464091.0,49.75,2313262.0,,,,,
Emergency Services,Fire,Grants Revenue Fund,Pers. Svcs.-Emp.Benefits,Grants Revenue Fund,2636559.0,0.0,2636559.0,0.05,2635350.0,-6.57,2820550.0,-7.9,3062564.0,31.07,2336500.0,61.76,1444445.0,19.47,1209022.0,5.59,1145012.0,,,,,
Emergency Services,Fire,Grants Revenue Fund,Personal Services,Grants Revenue Fund,16912590.0,4.64,16162590.0,12.37,14383490.0,-5.31,15190460.0,-23.73,19916660.0,21.09,16448000.0,-14.19,19169000.0,12.78,16997374.0,51.2,11241685.0,,,,,
Emergency Services,Fire,Grants Revenue Fund,Purchase of Services,Grants Revenue Fund,5240917.0,12.93,4640917.0,48.95,3115736.0,-44.61,5625000.0,-25.44,7543893.0,2.33,7372000.0,39.54,5283000.0,4.24,5068028.0,-6.93,5445189.0,,,,,
Government Operations,Atwater Kent Museum,General Fund,"Contrib., Indemnities & Taxes",General Fund,,,,,,,,,,,,,0.0,,0.0,-100.0,250000.0,,,,,
Government Operations,Atwater Kent Museum,General Fund,Personal Services,General Fund,,,,,,,,,,,,,0.0,,0.0,,0.0,,,,,
Government Operations,Auditing (City Controller),General Fund,"Contrib., Indemnities & Taxes",General Fund,,,,,,,,,,,,,,,,,0.0,,"The Philadelphia City Controller promotes honest, efficient, effective, and fully accountable city government. Independent of the Mayor and City Council, the City Controller conducts independent audits and analyses that provide objective information to city officials, the public, and other interested parties about the city’s financial affairs, and on ways to improve city operations and the use of public resources.",,,
Government Operations,Auditing (City Controller),General Fund,"Materials, Supplies & Equip.",General Fund,40000.0,0.0,40000.0,0.0,40000.0,0.0,40000.0,60.0,25000.0,0.0,25000.0,0.0,25000.0,0.0,25000.0,0.0,25000.0,,"The Philadelphia City Controller promotes honest, efficient, effective, and fully accountable city government. Independent of the Mayor and City Council, the City Controller conducts independent audits and analyses that provide objective information to city officials, the public, and other interested parties about the city’s financial affairs, and on ways to improve city operations and the use of public resources.",,,
Government Operations,Auditing (City Controller),General Fund,Personal Services,General Fund,11643467.0,5.78,11007561.0,3.85,10599672.0,0.0,10599672.0,3.05,10285869.0,10.24,9330839.0,3.15,9045839.0,2.07,8862100.0,5.87,8370558.0,,"The Philadelphia City Controller promotes honest, efficient, effective, and fully accountable city government. Independent of the Mayor and City Council, the City Controller conducts independent audits and analyses that provide objective information to city officials, the public, and other interested parties about the city’s financial affairs, and on ways to improve city operations and the use of public resources.",,,
Government Operations,Auditing (City Controller),General Fund,Purchase of Services,General Fund,608573.0,-14.11,708573.0,39.33,508573.0,0.0,508573.0,2.24,497450.0,0.0,497450.0,0.0,497450.0,0.0,497450.0,0.0,497450.0,,"The Philadelphia City Controller promotes honest, efficient, effective, and fully accountable city government. Independent of the Mayor and City Council, the City Controller conducts independent audits and analyses that provide objective information to city officials, the public, and other interested parties about the city’s financial affairs, and on ways to improve city operations and the use of public resources.",,,
Government Operations,Auditing (City Controller),Grants Revenue Fund,"Materials, Supplies & Equip.",Grants Revenue Fund,,,,,,,,,,,,,100000.0,-74.83,397297.0,,,,"The Philadelphia City Controller promotes honest, efficient, effective, and fully accountable city government. Independent of the Mayor and City Council, the City Controller conducts independent audits and analyses that provide objective information to city officials, the public, and other interested parties about the city’s financial affairs, and on ways to improve city operations and the use of public resources.",,,
Government Operations,Auditing (City Controller),Grants Revenue Fund,Purchase of Services,Grants Revenue Fund,300000.0,0.0,300000.0,0.0,300000.0,-40.0,500000.0,25.0,400000.0,0.0,400000.0,-20.0,500000.0,,,,200000.0,,"The Philadelphia City Controller promotes honest, efficient, effective, and fully accountable city government. Independent of the Mayor and City Council, the City Controller conducts independent audits and analyses that provide objective information to city officials, the public, and other interested parties about the city’s financial affairs, and on ways to improve city operations and the use of public resources.",,,
Government Operations,Aviation,Aviation Fund,"Contrib., Indemnities & Taxes",Aviation Fund,7850000.0,0.64,7800000.0,0.0,7800000.0,23.81,6300000.0,,,,,,,,,,,,,,,
Government Operations,Aviation,Aviation Fund,"Materials, Supplies & Equip.",Aviation Fund,14800000.0,15.62,12800000.0,8.47,11800000.0,0.0,11800000.0,,,,,,,,,,,,,,,
Government Operations,Aviation,Aviation Fund,Payments to Other Funds,Aviation Fund,38000000.0,0.0,38000000.0,0.0,38000000.0,15.15,33000000.0,,,,,,,,,,,,,,,
Government Operations,Aviation,Aviation Fund,Personal Services,Aviation Fund,77600000.0,12.14,69200000.0,8.98,63500000.0,23.3,51500000.0,,,,,,,,,,,,,,,
Government Operations,Aviation,Aviation Fund,Purchase of Services,Aviation Fund,156229000.0,0.0,156229000.0,0.0,156229000.0,11.59,140000000.0,,,,,,,,,,,,,,,
Government Operations,Board of Ethics,General Fund,"Materials, Supplies & Equip.",General Fund,7500.0,0.0,7500.0,0.0,7500.0,0.0,7500.0,0.0,7500.0,0.0,7500.0,0.0,7500.0,0.0,7500.0,-46.43,14000.0,,The Board of Ethics (BOE) administers and enforces the City’s public integrity laws.,,,
Government Operations,Board of Ethics,General Fund,Personal Services,General Fund,1451997.0,6.21,1367043.0,3.37,1322433.0,0.0,1322433.0,17.87,1121902.0,22.59,915196.0,0.0,915196.0,-12.14,1041630.0,7.96,964792.0,,The Board of Ethics (BOE) administers and enforces the City’s public integrity laws.,,,
Government Operations,Board of Ethics,General Fund,Purchase of Services,General Fund,52500.0,0.0,52500.0,0.0,52500.0,0.0,52500.0,0.0,52500.0,0.0,52500.0,0.0,52500.0,0.0,52500.0,-45.31,96000.0,,The Board of Ethics (BOE) administers and enforces the City’s public integrity laws.,,,
Government Operations,Board of Pensions and Retirement City of Philadelphia - 24 - City of Philadelphia,Municipal Pension Fund,"Materials, Supplies & Equip.",Municipal Pension Fund,,,,,,,,,,,92000.0,,,,,,,,,,,
Government Operations,Board of Pensions and Retirement City of Philadelphia - 24 - City of Philadelphia,Municipal Pension Fund,Payments to Other Funds,Municipal Pension Fund,,,,,,,,,,,90000.0,,,,,,,,,,,
Government Operations,Board of Revision of Taxes,General Fund,"Contrib., Indemnities & Taxes",General Fund,,,,,,,,,,,,,,,,,0.0,,"The Board of Revision of Taxes (BRT) hears property assessment appeals. The Office of Property Assessment (OPA) decides the dollar-value of every piece of real estate within Philadelphia, and that value determines how much property tax is owed.",,,
Government Operations,Board of Revision of Taxes,General Fund,"Materials, Supplies & Equip.",General Fund,17727.0,0.0,17727.0,0.0,17727.0,-22.0,22727.0,28.21,17727.0,0.0,17727.0,0.0,17727.0,-22.0,22727.0,44.51,15727.0,,"The Board of Revision of Taxes (BRT) hears property assessment appeals. The Office of Property Assessment (OPA) decides the dollar-value of every piece of real estate within Philadelphia, and that value determines how much property tax is owed.",,,
Government Operations,Board of Revision of Taxes,General Fund,Personal Services,General Fund,1180874.0,1.43,1164218.0,6.9,1089023.0,0.0,1089023.0,2.97,1057610.0,5.99,997835.0,1.04,987587.0,2.57,962864.0,1.79,945976.0,,"The Board of Revision of Taxes (BRT) hears property assessment appeals. The Office of Property Assessment (OPA) decides the dollar-value of every piece of real estate within Philadelphia, and that value determines how much property tax is owed.",,,
Government Operations,Board of Revision of Taxes,General Fund,Purchase of Services,General Fund,52681.0,-25.47,70681.0,73.74,40681.0,-49.58,80681.0,112.88,37900.0,0.0,37900.0,0.0,37900.0,-49.6,75200.0,-11.74,85200.0,,"The Board of Revision of Taxes (BRT) hears property assessment appeals. The Office of Property Assessment (OPA) decides the dollar-value of every piece of real estate within Philadelphia, and that value determines how much property tax is owed.",,,
Government Operations,City Commissioners,General Fund,"Contrib., Indemnities & Taxes",General Fund,0.0,,0.0,,0.0,,0.0,,0.0,,0.0,,0.0,,0.0,,,,,,,
Government Operations,City Commissioners,General Fund,"Materials, Supplies & Equip.",General Fund,3166533.0,-0.54,3183733.0,-7.66,3447699.0,8.29,3183733.0,20.18,2649217.0,-4.4,2771217.0,383.96,572617.0,0.0,572617.0,5.72,541617.0,,,,,
Government Operations,City Commissioners,General Fund,Personal Services,General Fund,12831524.0,5.26,12190244.0,3.89,11733634.0,4.82,11193816.0,2.44,10927174.0,29.88,8413534.0,25.31,6714174.0,1.22,6633233.0,11.93,5926203.0,,,,,
Government Operations,City Commissioners,General Fund,Purchase of Services,General Fund,13740101.0,0.0,13740101.0,-24.6,18222965.0,23.63,14740101.0,-4.81,15485101.0,125.66,6862101.0,36.94,5011061.0,0.0,5011061.0,29.02,3884061.0,,,,,
Government Operations,City Commissioners,Grants Revenue Fund,"Materials, Supplies & Equip.",Grants Revenue Fund,,,1650000.0,106.25,800000.0,100.0,400000.0,100.0,200000.0,,,,,,200000.0,0.0,200000.0,,,,,
Government Operations,City Commissioners,Grants Revenue Fund,Personal Services,Grants Revenue Fund,,,350000.0,0.0,350000.0,0.0,350000.0,0.0,350000.0,0.0,350000.0,0.0,350000.0,66.67,210000.0,68.0,125000.0,,,,,
Government Operations,City Commissioners,Grants Revenue Fund,Purchase of Services,Grants Revenue Fund,5850000.0,-12.88,6715000.0,-9.93,7455500.0,0.54,7415695.0,234.79,2215000.0,0.0,2215000.0,,,,2215000.0,269.17,600000.0,,,,,
Government Operations,City Commissioners City of Philadelphia - 20 - City of Philadelphia,Grants Revenue Fund,"Materials, Supplies & Equip.",Grants Revenue Fund,,,,,,,,,,,200000.0,0.0,200000.0,,,,,,,,,
Government Operations,City Commissioners City of Philadelphia - 20 - City of Philadelphia,Grants Revenue Fund,Purchase of Services,Grants Revenue Fund,,,,,,,,,,,,,2215000.0,,,,,,,,,
Government Operations,City Council,General Fund,Advances and Other Misc. Payments,General Fund,100.0,0.0,100.0,0.0,100.0,0.0,100.0,0.0,100.0,0.0,100.0,0.0,100.0,0.0,100.0,0.0,100.0,,,,,
Government Operations,City Council,General Fund,"Contrib., Indemnities & Taxes",General Fund,100.0,0.0,100.0,0.0,100.0,0.0,100.0,0.0,100.0,0.0,100.0,-100.0,25000100.0,25000000.0,100.0,0.0,100.0,,,,,
Government Operations,City Council,General Fund,"Materials, Supplies & Equip.",General Fund,817582.0,0.0,817582.0,5.0,778650.0,47.29,528650.0,0.0,528650.0,0.0,528650.0,23.33,428650.0,-18.92,528650.0,10.45,478650.0,,,,,
Government Operations,City Council,General Fund,Payments to Other Funds,General Fund,100.0,0.0,100.0,0.0,100.0,0.0,100.0,0.0,100.0,0.0,100.0,0.0,100.0,0.0,100.0,0.0,100.0,,,,,
Government Operations,City Council,General Fund,Personal Services,General Fund,21565560.0,1.4,21268492.0,2.74,20700583.0,23.95,16700583.0,2.3,16325560.0,4.47,15627138.0,5.04,14877138.0,-3.57,15427138.0,4.06,14824858.0,,,,,
Government Operations,City Council,General Fund,Purchase of Services,General Fund,4372979.0,0.0,4372979.0,24.17,3521885.0,39.65,2521885.0,-49.78,5021885.0,99.13,2521885.0,27.57,1976885.0,0.25,1971885.0,2.6,1921885.0,,,,,
Government Operations,City Council - Veterans Advisory Committee,Grants Revenue Fund,Advances and Other Misc. Payments,Grants Revenue Fund,,,,,,,,,,,,,,,,,100.0,,,,,
Government Operations,City Council - Veterans Advisory Committee,Grants Revenue Fund,"Contrib., Indemnities & Taxes",Grants Revenue Fund,100.0,0.0,100.0,0.0,100.0,0.0,100.0,,,,100.0,0.0,100.0,0.0,100.0,0.0,100.0,,,,,
Government Operations,City Council - Veterans Advisory Committee,Grants Revenue Fund,"Materials, Supplies & Equip.",Grants Revenue Fund,30100.0,0.0,30100.0,0.0,30100.0,0.0,30100.0,,,,30100.0,0.0,30100.0,0.0,30100.0,0.33,30000.0,,,,,
Government Operations,City Council - Veterans Advisory Committee,Grants Revenue Fund,Payments to Other Funds,Grants Revenue Fund,100.0,0.0,100.0,0.0,100.0,0.0,100.0,,,,100.0,0.0,100.0,0.0,100.0,0.0,100.0,,,,,
Government Operations,City Council - Veterans Advisory Committee,Grants Revenue Fund,Personal Services,Grants Revenue Fund,100000.0,0.0,100000.0,0.0,100000.0,0.0,100000.0,0.0,100000.0,0.0,100000.0,0.0,100000.0,0.0,100000.0,0.0,100000.0,,,,,
Government Operations,City Council - Veterans Advisory Committee,Grants Revenue Fund,Purchase of Services,Grants Revenue Fund,75000.0,0.0,75000.0,0.0,75000.0,0.0,75000.0,,,,75000.0,0.0,75000.0,0.0,75000.0,0.0,75000.0,,,,,
Government Operations,City Planning Commission,General Fund,"Materials, Supplies & Equip.",General Fund,,,,,,,,,,,,,,,,,0.0,,,,,
Government Operations,City Planning Commission,General Fund,Personal Services,General Fund,,,,,,,,,,,,,,,,,0.0,,,,,
Government Operations,City Planning Commission,General Fund,Purchase of Services,General Fund,,,,,,,,,,,,,,,,,0.0,,,,,
Government Operations,City Representative,General Fund,"Materials, Supplies & Equip.",General Fund,170000.0,-12.82,195000.0,,,,,,,,0.0,,0.0,-100.0,54000.0,0.0,54000.0,,,,,
Government Operations,City Representative,General Fund,Personal Services,General Fund,2068492.0,15.26,1794682.0,,,,,,,,0.0,,0.0,-100.0,795916.0,12.98,704470.0,,,,,
Government Operations,City Representative,General Fund,Purchase of Services,General Fund,1202500.0,-3.99,1252500.0,,,,,,,,0.0,,0.0,-100.0,399779.0,0.0,399779.0,,,,,
Government Operations,City Treasurer,General Fund,"Materials, Supplies & Equip.",General Fund,43724.0,0.0,43724.0,0.0,43724.0,0.0,43724.0,96.74,22224.0,0.0,22224.0,0.0,22224.0,0.0,22224.0,0.0,22224.0,,,,,
Government Operations,City Treasurer,General Fund,Personal Services,General Fund,2038723.0,3.69,1966172.0,3.81,1894025.0,4.12,1819025.0,15.16,1579598.0,13.23,1395075.0,1.97,1368170.0,8.37,1262499.0,20.62,1046647.0,,,,,
Government Operations,City Treasurer,General Fund,Purchase of Services,General Fund,3301903.0,-1.49,3351903.0,0.0,3351903.0,3.08,3251903.0,4.35,3116468.0,-6.23,3323698.0,1617.28,193544.0,-2.47,198444.0,-68.17,623444.0,,,,,
Government Operations,City Treasurer,Water Fund,Purchase of Services,Water Fund,2650000.0,0.0,2650000.0,0.0,2650000.0,0.0,2650000.0,,,,,,,,,,,,,,,
Government Operations,Civil Service Commission,General Fund,Advances and Other Misc. Payments,General Fund,39309000.0,-61.3,101577000.0,133.48,43505010.0,225.64,13360000.0,-75.26,54000000.0,116.0,25000000.0,,0.0,,0.0,-100.0,16447372.0,,,,,
Government Operations,Civil Service Commission,General Fund,"Materials, Supplies & Equip.",General Fund,1094.0,0.0,1094.0,0.0,1094.0,0.0,1094.0,0.0,1094.0,0.0,1094.0,0.0,1094.0,0.0,1094.0,0.0,1094.0,,,,,
Government Operations,Civil Service Commission,General Fund,Personal Services,General Fund,196262.0,4.16,188425.0,2.93,183057.0,0.0,183057.0,1.14,180988.0,2.17,177148.0,0.0,177148.0,1.61,174341.0,4.11,167462.0,,,,,
Government Operations,Civil Service Commission,General Fund,Purchase of Services,General Fund,29500.0,0.0,29500.0,0.0,29500.0,0.0,29500.0,0.0,29500.0,0.0,29500.0,0.0,29500.0,0.0,29500.0,0.0,29500.0,,,,,
Government Operations,Commerce - Convention Center Subsidy,General Fund,Purchase of Services,General Fund,15000000.0,0.0,15000000.0,0.0,15000000.0,0.0,15000000.0,0.0,15000000.0,0.0,15000000.0,0.0,15000000.0,0.0,15000000.0,0.0,15000000.0,,,,,
Government Operations,Commerce - Economic Stimulus,General Fund,Purchase of Services,General Fund,90415294.0,-10.8,101365294.0,209.08,32795294.0,100.77,16334550.0,22.5,13334550.0,121.69,6015000.0,99.5,3015000.0,-60.7,7671624.0,220.05,2397004.0,,,,,
Government Operations,Council - Veterans Advisory Commission City of Philadelphia - 16 - City of Philadelphia,Grants Revenue Fund,"Contrib., Indemnities & Taxes",Grants Revenue Fund,,,,,,,,,100.0,,,,,,,,,,,,,
Government Operations,Council - Veterans Advisory Commission City of Philadelphia - 16 - City of Philadelphia,Grants Revenue Fund,"Materials, Supplies & Equip.",Grants Revenue Fund,,,,,,,,,30100.0,,,,,,,,,,,,,
Government Operations,Council - Veterans Advisory Commission City of Philadelphia - 16 - City of Philadelphia,Grants Revenue Fund,Payments to Other Funds,Grants Revenue Fund,,,,,,,,,100.0,,,,,,,,,,,,,
Government Operations,Council - Veterans Advisory Commission City of Philadelphia - 16 - City of Philadelphia,Grants Revenue Fund,Purchase of Services,Grants Revenue Fund,,,,,,,,,75000.0,,,,,,,,,,,,,
Government Operations,Department of Human Services - Office of Homeless Services City of Philadelphia - 19 - City of Philadelphia,Grants Revenue Fund,"Materials, Supplies & Equip.",Grants Revenue Fund,,,,,,,,,,,,,,,1271376.0,,,,,,,
Government Operations,Department of Human Services - Office of Homeless Services City of Philadelphia - 19 - City of Philadelphia,Grants Revenue Fund,Personal Services,Grants Revenue Fund,,,,,,,,,,,,,,,1952491.0,,,,,,,
Government Operations,Department of Human Services - Office of Homeless Services City of Philadelphia - 19 - City of Philadelphia,Grants Revenue Fund,Purchase of Services,Grants Revenue Fund,,,,,,,,,,,,,,,42205373.0,,,,,,,
Government Operations,Department of Human Services City of Philadelphia - 18 - City of Philadelphia,Grants Revenue Fund,"Materials, Supplies & Equip.",Grants Revenue Fund,,,,,,,,,,,3647242.0,,,,,,,,,,,
Government Operations,Department of Human Services City of Philadelphia - 18 - City of Philadelphia,Grants Revenue Fund,Payments to Other Funds,Grants Revenue Fund,,,,,,,,,,,8000000.0,,,,,,,,,,,
Government Operations,Department of Licenses and Inspections City of Philadelphia - 26 - City of Philadelphia,Philadelphia County Demolition Fund,Purchase of Services,Philadelphia County Demolition Fund,,,,,,,1000000.0,,,,,,,,,,,,,,,
Government Operations,Department of Parks and Recreation City of Philadelphia - 18 - City of Philadelphia,Grants Revenue Fund,"Materials, Supplies & Equip.",Grants Revenue Fund,,,,,,,,,,,,,7875928.0,,,,,,,,,
Government Operations,Department of Planning and Development City of Philadelphia - 23 - City of Philadelphia,Community Development Fund,Payments to Other Funds,Community Development Fund,,,,,,,25000.0,,,,,,,,,,,,,,,
Government Operations,Department of Planning and Development City of Philadelphia - 25 - City of Philadelphia,Housing Trust Fund,"Materials, Supplies & Equip.",Housing Trust Fund,,,,,150000.0,,,,,,,,,,,,,,,,,
Government Operations,Department of Public Health - Office of Behavioral Health and Intellectual Disability City of Philadelphia - 16 - City of Philadelphia,Healthchoices Behavioral Health Revenue Fund,Payments to Other Funds,Healthchoices Behavioral Health Revenue Fund,,,,,100000.0,,,,,,,,,,,,,,,,,
Government Operations,Department of Public Health - Office of Behavioral Health and Intellectual Disability City of Philadelphia - 16 - City of Philadelphia,Healthchoices Behavioral Health Revenue Fund,Purchase of Services,Healthchoices Behavioral Health Revenue Fund,,,,,1432481800.0,,,,,,,,,,,,,,,,,
Government Operations,Department of Public Health City of Philadelphia - 18 - City of Philadelphia,Grants Revenue Fund,"Materials, Supplies & Equip.",Grants Revenue Fund,,,,,28608774.0,,,,,,,,,,,,,,,,,
Government Operations,Department of Public Health City of Philadelphia - 18 - City of Philadelphia,Grants Revenue Fund,Payments to Other Funds,Grants Revenue Fund,,,,,1366041.0,,,,,,,,,,,,,,,,,
Government Operations,Department of Public Health City of Philadelphia - 25 - City of Philadelphia,Acute Care Hospital Fund,"Materials, Supplies & Equip.",Acute Care Hospital Fund,,,,,,,1050000.0,,,,,,,,,,,,,,,
Government Operations,Department of Public Health City of Philadelphia - 25 - City of Philadelphia,Acute Care Hospital Fund,Payments to Other Funds,Acute Care Hospital Fund,,,,,,,4500000.0,,,,,,,,,,,,,,,
Government Operations,Department of Public Health City of Philadelphia - 26 - City of Philadelphia,Acute Care Hospital Fund,"Materials, Supplies & Equip.",Acute Care Hospital Fund,,,,,,,,,,,,,,,,,1339000.0,,,,,
Government Operations,Department of Public Health City of Philadelphia - 26 - City of Philadelphia,Acute Care Hospital Fund,Payments to Other Funds,Acute Care Hospital Fund,,,,,,,,,,,,,,,,,500000.0,,,,,
Government Operations,Department of Public Health City of Philadelphia - 26 - City of Philadelphia,Acute Care Hospital Fund,Personal Services,Acute Care Hospital Fund,,,,,,,,,,,,,,,,,5393408.0,,,,,
Government Operations,Department of Public Health City of Philadelphia - 26 - City of Philadelphia,Acute Care Hospital Fund,Purchase of Services,Acute Care Hospital Fund,,,,,,,,,,,,,,,,,5980000.0,,,,,
Government Operations,Department of Public Property City of Philadelphia - 13 - City of Philadelphia,Water Fund,Purchase of Services,Water Fund,,,,,,,,,,,,,,,4270347.0,,,,,,,
Government Operations,Department of Revenue City of Philadelphia - 14 - City of Philadelphia,Water Fund,"Contrib., Indemnities & Taxes",Water Fund,,,,,,,,,,,,,,,,,5000.0,,,,,
Government Operations,Department of Revenue City of Philadelphia - 14 - City of Philadelphia,Water Fund,"Materials, Supplies & Equip.",Water Fund,,,,,,,,,,,,,,,,,1429500.0,,,,,
Government Operations,Department of Revenue City of Philadelphia - 14 - City of Philadelphia,Water Fund,Personal Services,Water Fund,,,,,,,,,,,,,,,,,10171000.0,,,,,
Government Operations,Department of Revenue City of Philadelphia - 14 - City of Philadelphia,Water Fund,Purchase of Services,Water Fund,,,,,,,,,,,,,,,,,5059000.0,,,,,
Government Operations,Department of Revenue City of Philadelphia - 26 - City of Philadelphia,Acute Care Hospital Fund,"Materials, Supplies & Equip.",Acute Care Hospital Fund,,,,,15000.0,,,,,,,,,,,,,,,,,
Government Operations,Department of Streets City of Philadelphia - 15 - City of Philadelphia,County Liquid Fuels Tax Fund,"Materials, Supplies & Equip.",County Liquid Fuels Tax Fund,,,,,,,,,,,,,,,200000.0,,,,,,,
Government Operations,Department of Streets City of Philadelphia - 15 - City of Philadelphia,County Liquid Fuels Tax Fund,Payments to Other Funds,County Liquid Fuels Tax Fund,,,,,,,,,,,,,,,18670.0,,,,,,,
Government Operations,Department of Streets City of Philadelphia - 15 - City of Philadelphia,County Liquid Fuels Tax Fund,Personal Services,County Liquid Fuels Tax Fund,,,,,,,,,,,,,,,3734000.0,,,,,,,
Government Operations,Department of Streets City of Philadelphia - 15 - City of Philadelphia,County Liquid Fuels Tax Fund,Purchase of Services,County Liquid Fuels Tax Fund,,,,,,,,,,,,,,,3320330.0,,,,,,,
Government Operations,Department of Streets City of Philadelphia - 15 - City of Philadelphia,Special Gasoline Tax Fund,"Materials, Supplies & Equip.",Special Gasoline Tax Fund,,,,,,,,,11886222.0,,,,,,,,,,,,,
Government Operations,Department of Streets City of Philadelphia - 15 - City of Philadelphia,Special Gasoline Tax Fund,Payments to Other Funds,Special Gasoline Tax Fund,,,,,,,,,30000.0,,,,,,,,,,,,,
Government Operations,Department of Streets City of Philadelphia - 15 - City of Philadelphia,Special Gasoline Tax Fund,Personal Services,Special Gasoline Tax Fund,,,,,,,,,11294283.0,,,,,,,,,,,,,
Government Operations,Department of Streets City of Philadelphia - 15 - City of Philadelphia,Special Gasoline Tax Fund,Purchase of Services,Special Gasoline Tax Fund,,,,,,,,,16689495.0,,,,,,,,,,,,,
Government Operations,Director of Commerce City of Philadelphia - 16 - City of Philadelphia,Hotel Room Rental Tax Fund,"Contrib., Indemnities & Taxes",Hotel Room Rental Tax Fund,,,,,,,,,,,,,,,77562000.0,,,,,,,
Government Operations,Director of Commerce City of Philadelphia - 22 - City of Philadelphia,Aviation Fund,"Contrib., Indemnities & Taxes",Aviation Fund,,,,,,,,,,,6300000.0,,,,,,,,,,,
Government Operations,Director of Commerce City of Philadelphia - 22 - City of Philadelphia,Aviation Fund,"Materials, Supplies & Equip.",Aviation Fund,,,,,,,,,,,7000000.0,,,,,,,,,,,
Government Operations,Director of Commerce City of Philadelphia - 22 - City of Philadelphia,Aviation Fund,Payments to Other Funds,Aviation Fund,,,,,,,,,,,11000000.0,,,,,,,,,,,
Government Operations,Director of Commerce City of Philadelphia - 22 - City of Philadelphia,Aviation Fund,Personal Services,Aviation Fund,,,,,,,,,,,45800000.0,,,,,,,,,,,
Government Operations,Director of Commerce City of Philadelphia - 22 - City of Philadelphia,Aviation Fund,Purchase of Services,Aviation Fund,,,,,,,,,,,80500000.0,,,,,,,,,,,
Government Operations,Director of Commerce City of Philadelphia - 24 - City of Philadelphia,Community Development Fund,"Materials, Supplies & Equip.",Community Development Fund,,,,,50000.0,,,,,,,,,,,,,,,,,
Government Operations,Director of Commerce City of Philadelphia - 24 - City of Philadelphia,Community Development Fund,Purchase of Services,Community Development Fund,,,,,26096000.0,,,,,,,,,,,,,,,,,
Government Operations,Director of Finance - Fringe Benefits City of Philadelphia - 15 - City of Philadelphia,Special Gasoline Tax Fund,Pers. Svcs.-Emp.Benefits,Special Gasoline Tax Fund,,,,,,,,,,,,,1000000.0,,,,,,,,,
Government Operations,Director of Finance - Fringe Benefits City of Philadelphia - 25 - City of Philadelphia,Acute Care Hospital Fund,Pers. Svcs.-Emp.Benefits,Acute Care Hospital Fund,,,,,,,,,,,269280.0,,,,,,,,,,,
Government Operations,Director of Finance - Indemnities City of Philadelphia - 13 - City of Philadelphia,Water Fund,"Contrib., Indemnities & Taxes",Water Fund,,,,,,,,,,,,,7500000.0,,,,,,,,,
Government Operations,Finance,Acute Care Hospital Fund,Personal Services,Acute Care Hospital Fund,75000.0,0.0,75000.0,0.0,75000.0,0.0,75000.0,0.0,75000.0,0.0,75000.0,0.0,75000.0,0.0,75000.0,0.0,75000.0,,,,,
Government Operations,Finance,Aviation Fund,Purchase of Services,Aviation Fund,5000000.0,0.0,5000000.0,4.17,4800000.0,0.0,4800000.0,0.0,4800000.0,47.87,3246000.0,3.18,3146000.0,-24.12,4146000.0,0.0,4146000.0,,,,,
Government Operations,Finance,Community Development Fund,Advances and Other Misc. Payments,Community Development Fund,20000000.0,0.0,20000000.0,0.0,20000000.0,0.0,20000000.0,0.0,20000000.0,0.0,20000000.0,0.0,20000000.0,0.0,20000000.0,0.0,20000000.0,,,,,
Government Operations,Finance,General Fund,Advances and Other Misc. Payments,General Fund,100.0,,0.0,,0.0,-100.0,54000000.0,68.75,32000000.0,-57.33,75000000.0,200.0,25000000.0,-54.63,55108000.0,0.98,54573000.0,,,,,
Government Operations,Finance,General Fund,"Contrib., Indemnities & Taxes",General Fund,15008000.0,-72.08,53746603.0,645.65,7208000.0,-72.02,25758000.0,229.39,7820000.0,-51.34,16069700.0,1185.58,1250000.0,-73.54,4725000.0,4.42,4525000.0,,,,,
Government Operations,Finance,General Fund,"Materials, Supplies & Equip.",General Fund,567024.0,1105.82,47024.0,0.0,47024.0,0.0,47024.0,21.77,38616.0,8.42,35616.0,0.0,35616.0,-65.46,103109.0,0.0,103109.0,,,,,
Government Operations,Finance,General Fund,Payments to Other Funds,General Fund,2500000.0,15.31,2168061.0,-93.53,33506714.0,-17.5,40612698.0,19.22,34066068.0,199.88,11360000.0,-53.63,24500000.0,-13.38,28285000.0,238.07,8366704.0,,,,,
Government Operations,Finance,General Fund,Personal Services,General Fund,17315813.0,-9.57,19148552.0,63.48,11712986.0,-0.7,11795202.0,8.57,10863735.0,6.65,10185891.0,-1.23,10312396.0,13.52,9084313.0,16.98,7765535.0,,,,,
Government Operations,Finance,General Fund,Purchase of Services,General Fund,5770620.0,-14.12,6719101.0,9.8,6119271.0,22.37,5000698.0,24.94,4002420.0,15.17,3475113.0,32.3,2626660.0,-13.31,3029912.0,0.0,3029912.0,,,,,
Government Operations,Finance,Grants Revenue Fund,Advances and Other Misc. Payments,Grants Revenue Fund,1000000477.0,0.0,1000000292.0,-0.0,1000000938.0,0.0,1000000042.0,-0.0,1000000257.0,-0.0,1000001195.0,0.0,1000000000.0,354.54,220000939.0,-12.0,250000678.0,,,,,
Government Operations,Finance,Grants Revenue Fund,"Materials, Supplies & Equip.",Grants Revenue Fund,52639.0,5.28,50000.0,,,,,,,,,,,,,,,,,,,
Government Operations,Finance,Grants Revenue Fund,Payments to Other Funds,Grants Revenue Fund,,,,,419473000.0,7.33,390820000.0,16.66,335000000.0,-41.74,575000000.0,,,,,,,,,,,
Government Operations,Finance,Grants Revenue Fund,Personal Services,Grants Revenue Fund,475000.0,5.56,450000.0,-52.63,950000.0,,,,,,,,,,,,,,,,,
Government Operations,Finance,Grants Revenue Fund,Purchase of Services,Grants Revenue Fund,19254624.0,-34.73,29500000.0,1375.0,2000000.0,,,,,,,,,,,,,,,,,
Government Operations,Finance - Budget Stabilization,General Fund,Payments to Other Funds,General Fund,52484000.0,-10.83,58860000.0,0.98,58291000.0,37.93,42261000.0,5.32,40128000.0,,0.0,,0.0,-100.0,34276000.0,,,,,,,
Government Operations,Finance - Community College Subsidy,General Fund,"Contrib., Indemnities & Taxes",General Fund,55853181.0,3.43,54003181.0,-3.57,56003181.0,9.8,51003181.0,1.79,50106653.0,4.11,48128075.0,9.11,44110159.0,30.66,33759207.0,4.17,32409207.0,,,,,
Government Operations,Finance - Employee Benefits,General Fund,Pers. Svcs.-Emp.Benefits,General Fund,1821169058.0,4.33,1745587635.0,4.08,1677120077.0,0.97,1660996026.0,3.59,1603509081.0,11.46,1438592740.0,11.76,1287159003.0,-8.84,1411963002.0,3.8,1360238207.0,,,,,
Government Operations,Finance - Hero Scholarship Awards,General Fund,"Contrib., Indemnities & Taxes",General Fund,150000.0,0.0,150000.0,200.0,50000.0,0.0,50000.0,0.0,50000.0,100.0,25000.0,0.0,25000.0,0.0,25000.0,0.0,25000.0,,,,,
Government Operations,Finance - Indemnities,General Fund,"Contrib., Indemnities & Taxes",General Fund,61278421.0,0.05,61246000.0,0.0,61246000.0,24.37,49246000.0,-26.77,67246000.0,36.55,49246000.0,0.0,49246000.0,0.0,49246000.0,0.96,48780000.0,,,,,
Government Operations,Finance - Payment to Housing Trust Fund,General Fund,Payments to Other Funds,General Fund,34668215.0,1.83,34044031.0,,,,,,,,,,,,,,,,,,,
Government Operations,Finance - Refunds,General Fund,"Contrib., Indemnities & Taxes",General Fund,250000.0,0.0,250000.0,0.0,250000.0,0.0,250000.0,0.0,250000.0,0.0,250000.0,0.0,250000.0,0.0,250000.0,0.0,250000.0,,,,,
Government Operations,Finance - Reg #32,General Fund,Personal Services,General Fund,8000000.0,-34.43,12200000.0,69.44,7200000.0,38.46,5200000.0,85.71,2800000.0,22.1,2293165.0,-13.47,2650000.0,0.0,2650000.0,0.0,2650000.0,,,,,
Government Operations,Finance - School District Contribution,General Fund,"Contrib., Indemnities & Taxes",General Fund,284052590.0,0.0,284052590.0,0.0,284052590.0,0.71,282052590.0,4.48,269953201.0,5.47,255953201.0,1.34,252578558.0,13.54,222456410.0,22.99,180870541.0,,,,,
Government Operations,Finance - Witness Fees,General Fund,Purchase of Services,General Fund,260094.0,0.0,260094.0,44.42,180094.0,0.0,180094.0,5.0,171518.0,0.0,171518.0,0.0,171518.0,0.0,171518.0,0.0,171518.0,,,,,
Government Operations,Finance-Budget Stabilization,Budget Stabilization Fund,Payments to Other Funds,Budget Stabilization Fund,100.0,0.0,100.0,0.0,100.0,0.0,100.0,0.0,100.0,-90.0,1000.0,-100.0,34276000.0,34275900.0,100.0,,,,,,,
Government Operations,Finance-Employee Benefits,Acute Care Hospital Fund,Pers. Svcs.-Emp.Benefits,Acute Care Hospital Fund,286501.0,0.18,285994.0,0.02,285939.0,0.03,285841.0,6.31,268882.0,,,,268408.0,0.3,267592.0,0.0,267592.0,,,,,
Government Operations,Finance-Employee Benefits,Aviation Fund,Pers. Svcs.-Emp.Benefits,Aviation Fund,65259233.0,5.52,61843730.0,3.29,59875392.0,3.05,58105696.0,1.82,57068882.0,0.38,56855271.0,-10.81,63749755.0,-3.5,66061224.0,3.3,63950249.0,,,,,
Government Operations,Finance-Employee Benefits,Community Development Fund,Pers. Svcs.-Emp.Benefits,Community Development Fund,7553891.0,6.44,7096680.0,-4.84,7457316.0,27.36,5855309.0,5.44,5553245.0,-0.47,5579693.0,12.19,4973268.0,-1.38,5042638.0,21.43,4152814.0,,,,,
Government Operations,Finance-Employee Benefits,Special Gasoline Tax Fund,Pers. Svcs.-Emp.Benefits,Special Gasoline Tax Fund,1000000.0,0.0,1000000.0,0.0,1000000.0,0.0,1000000.0,0.0,1000000.0,0.0,1000000.0,,,,1000000.0,0.0,1000000.0,,,,,
Government Operations,Finance-Employee Benefits,Transportation Fund,Pers. Svcs.-Emp.Benefits,Transportation Fund,,,,,44500921.0,77.91,25013578.0,,,,,,,,,,,,,,,
Government Operations,Finance-Employee Benefits,Water Fund,Pers. Svcs.-Emp.Benefits,Water Fund,159665962.0,0.7,158554641.0,4.71,151425922.0,2.19,148176371.0,6.78,138762106.0,9.28,126977257.0,-6.32,135546760.0,-8.07,147439194.0,6.73,138140401.0,,,,,
Government Operations,Finance-Indemnities,Aviation Fund,"Contrib., Indemnities & Taxes",Aviation Fund,3512000.0,39.81,2512000.0,0.0,2512000.0,0.0,2512000.0,0.0,2512000.0,0.0,2512000.0,0.0,2512000.0,0.0,2512000.0,0.0,2512000.0,,,,,
Government Operations,Finance-Indemnities,Water Fund,"Contrib., Indemnities & Taxes",Water Fund,7000000.0,7.69,6500000.0,0.0,6500000.0,8.33,6000000.0,0.0,6000000.0,0.0,6000000.0,,,,7500000.0,-11.76,8500000.0,,,,,
Government Operations,Fleet Management,General Fund,"Contrib., Indemnities & Taxes",General Fund,,,,,,,,,,,0.0,,0.0,,0.0,,0.0,,,,,
Government Operations,Fleet Management,General Fund,"Materials, Supplies & Equip.",General Fund,,,,,,,,,,,20684642.0,-7.56,22376873.0,-11.87,25391767.0,-0.1,25418211.0,,,,,
Government Operations,Fleet Management,General Fund,Personal Services,General Fund,,,,,,,,,,,19260680.0,0.98,19073455.0,-1.77,19416871.0,4.73,18539450.0,,,,,
Government Operations,Fleet Management,General Fund,Purchase of Services,General Fund,,,,,,,,,,,5401396.0,0.9,5353396.0,0.9,5305396.0,3.94,5104396.0,,,,,
Government Operations,Fleet Management - Vehicle Lease/Purch.,General Fund,"Materials, Supplies & Equip.",General Fund,,,,,,,,,,,9745852.0,-0.53,9797739.0,-43.32,17286549.0,16.82,14797739.0,,,,,
Government Operations,Fleet Management - Vehicle Lease/Purch.,General Fund,Purchase of Services,General Fund,,,,,,,,,,,,,,,0.0,,0.0,,,,,
Government Operations,Fleet Services,Aviation Fund,"Materials, Supplies & Equip.",Aviation Fund,1660380.0,0.0,1660380.0,23.5,1344400.0,0.0,1344400.0,-87.99,11194400.0,,,,,,,,,,,,,
Government Operations,Fleet Services,Aviation Fund,Personal Services,Aviation Fund,1955517.0,8.06,1809605.0,3.95,1740804.0,9.43,1590831.0,0.0,1590831.0,,,,,,,,,,,,,
Government Operations,Fleet Services,Aviation Fund,Purchase of Services,Aviation Fund,592400.0,0.0,592400.0,25.94,470400.0,0.0,470400.0,0.0,470400.0,,,,,,,,,,,,,
Government Operations,Fleet Services,General Fund,"Contrib., Indemnities & Taxes",General Fund,,,,,0.0,,0.0,,0.0,,,,,,,,,,,,,
Government Operations,Fleet Services,General Fund,"Materials, Supplies & Equip.",General Fund,28514327.0,-7.99,30991515.0,25.29,24735853.0,-10.63,27676744.0,-14.2,32257642.0,,,,,,,,,,,,,
Government Operations,Fleet Services,General Fund,Personal Services,General Fund,24755702.0,7.74,22978157.0,8.66,21146675.0,0.0,21146675.0,2.98,20534432.0,,,,,,,,,,,,,
Government Operations,Fleet Services,General Fund,Purchase of Services,General Fund,7530287.0,0.0,7530287.0,17.11,6430287.0,0.0,6430287.0,18.0,5449396.0,,,,,,,,,,,,,
Government Operations,Fleet Services,Water Fund,"Materials, Supplies & Equip.",Water Fund,4894553.0,0.0,4894553.0,21.01,4044640.0,0.0,4044640.0,0.0,4044640.0,,,,,,,,,,,,,
Government Operations,Fleet Services,Water Fund,Personal Services,Water Fund,4110683.0,5.76,3886916.0,4.95,3703717.0,0.0,3703717.0,0.0,3703717.0,,,,,,,,,,,,,
Government Operations,Fleet Services,Water Fund,Purchase of Services,Water Fund,1489000.0,0.0,1489000.0,0.0,1489000.0,0.0,1489000.0,0.0,1489000.0,,,,,,,,,,,,,
Government Operations,Fleet Services - Vehicle Lease/Purch.,General Fund,"Materials, Supplies & Equip.",General Fund,15359245.0,-6.11,16359245.0,170.52,6047245.0,-60.63,15359245.0,22.8,12507852.0,,,,,,,,,,,,,
Government Operations,Fleet Services - Vehicle Lease/Purch.,General Fund,Payments to Other Funds,General Fund,,,,,0.0,,,,,,,,,,,,,,,,,
Government Operations,Fleet Services -Vehicle Lease/Purch.,Aviation Fund,"Materials, Supplies & Equip.",Aviation Fund,3000000.0,0.0,3000000.0,0.0,3000000.0,0.0,3000000.0,,,,,,,,,,,,,,,
Government Operations,Historical Commission,General Fund,"Materials, Supplies & Equip.",General Fund,,,,,,,,,,,,,,,,,0.0,,,,,
Government Operations,Historical Commission,General Fund,Personal Services,General Fund,,,,,,,,,,,,,,,,,0.0,,,,,
Government Operations,Historical Commission,General Fund,Purchase of Services,General Fund,,,,,,,,,,,,,,,,,0.0,,,,,
Government Operations,Human Relations Commission,General Fund,"Materials, Supplies & Equip.",General Fund,28031.0,0.0,28031.0,0.0,28031.0,-26.29,38031.0,35.67,28031.0,0.0,28031.0,0.0,28031.0,0.0,28031.0,0.0,28031.0,,,,,
Government Operations,Human Relations Commission,General Fund,Personal Services,General Fund,3105010.0,9.88,2825926.0,6.09,2663744.0,0.65,2646469.0,5.76,2502372.0,7.63,2325040.0,-1.49,2360285.0,1.57,2323714.0,8.6,2139648.0,,,,,
Government Operations,Human Relations Commission,General Fund,Purchase of Services,General Fund,76901.0,14.95,66901.0,0.0,66901.0,-6.95,71901.0,65.93,43333.0,25.03,34657.0,0.0,34657.0,0.0,34657.0,0.0,34657.0,,,,,
Government Operations,L&I - Board of Building Standards,General Fund,Personal Services,General Fund,94904.0,5.36,90074.0,4.0,86609.0,0.0,86609.0,2.96,84116.0,2.56,82018.0,0.0,82018.0,2.06,80366.0,6.56,75419.0,,,,,
Government Operations,L&I - Board of L&I Review,General Fund,Personal Services,General Fund,184334.0,4.18,176933.0,2.8,172107.0,0.0,172107.0,1.02,170377.0,2.86,165635.0,0.0,165635.0,1.35,163434.0,0.71,162284.0,,,,,
Government Operations,L&I - Board of L&I Review,General Fund,Purchase of Services,General Fund,10436.0,0.0,10436.0,0.0,10436.0,0.0,10436.0,0.0,10436.0,0.0,10436.0,0.0,10436.0,0.0,10436.0,0.0,10436.0,,,,,
Government Operations,L&I - Zoning Board of Adjustments,General Fund,Personal Services,General Fund,,,,,,,,,,,,,,,,,0.0,,,,,
Government Operations,L&I - Zoning Board of Adjustments,General Fund,Purchase of Services,General Fund,,,,,,,,,,,,,,,,,0.0,,,,,
Government Operations,Labor,General Fund,"Materials, Supplies & Equip.",General Fund,21420.0,0.0,21420.0,0.0,21420.0,0.0,21420.0,-12.29,24420.0,14.01,21420.0,-75.21,86420.0,26.23,68460.0,487.14,11660.0,,,,,
Government Operations,Labor,General Fund,Personal Services,General Fund,4452926.0,3.32,4309944.0,2.74,4194853.0,-1.29,4249815.0,22.82,3460299.0,17.72,2939422.0,22.71,2395467.0,16.0,2065091.0,32.21,1562009.0,,,,,
Government Operations,Labor,General Fund,Purchase of Services,General Fund,890814.0,-37.09,1415961.0,223.78,437319.0,-12.06,497319.0,-4.29,519617.0,47.28,352817.0,-1.23,357217.0,11.19,321277.0,85.41,173277.0,,,,,
Government Operations,Law,Aviation Fund,Personal Services,Aviation Fund,2052716.0,2.3,2006547.0,21.41,1652749.0,0.0,1652749.0,1.34,1630871.0,2.91,1584820.0,23.17,1286681.0,-19.94,1607235.0,2.78,1563803.0,,,,,
Government Operations,Law,Community Development Fund,Personal Services,Community Development Fund,217250.0,11.08,195573.0,0.0,195573.0,0.0,195573.0,0.0,195573.0,0.0,195573.0,0.0,195573.0,0.0,195573.0,0.0,195573.0,,,,,
Government Operations,Law,General Fund,"Contrib., Indemnities & Taxes",General Fund,0.0,,0.0,,,,0.0,,0.0,,0.0,,,,,,0.0,,,,,
Government Operations,Law,General Fund,"Materials, Supplies & Equip.",General Fund,184676.0,0.0,184676.0,0.0,184676.0,0.0,184676.0,-3.15,190676.0,3.25,184676.0,0.0,184676.0,-25.74,248676.0,0.0,248676.0,,,,,
Government Operations,Law,General Fund,Personal Services,General Fund,22983668.0,3.05,22302432.0,12.16,19884049.0,17.96,16857049.0,7.33,15705718.0,17.83,13329167.0,40.01,9520003.0,0.98,9427335.0,2.88,9163318.0,,,,,
Government Operations,Law,General Fund,Purchase of Services,General Fund,14693145.0,3.52,14193145.0,47.34,9633145.0,-18.45,11813145.0,97.55,5979915.0,10.06,5433427.0,2.34,5309427.0,-17.16,6409034.0,-0.22,6423170.0,,,,,
Government Operations,Law,Grants Revenue Fund,Purchase of Services,Grants Revenue Fund,,,,,,,,,,,,,,,,,200000.0,,,,,
Government Operations,Law,Water Fund,"Materials, Supplies & Equip.",Water Fund,51050.0,0.0,51050.0,18.69,43010.0,,,,43010.0,0.0,43010.0,0.0,43010.0,0.0,43010.0,0.0,43010.0,,,,,
Government Operations,Law,Water Fund,Personal Services,Water Fund,3927379.0,0.92,3891589.0,11.79,3481095.0,,,,3396095.0,6.18,3198392.0,24.43,2570334.0,0.03,2569445.0,2.52,2506206.0,,,,,
Government Operations,Law,Water Fund,Purchase of Services,Water Fund,800000.0,0.0,800000.0,15.67,691614.0,,,,691614.0,0.0,691614.0,0.0,691614.0,0.0,691614.0,0.0,691614.0,,,,,
Government Operations,Law Department City of Philadelphia - 14 - City of Philadelphia,Water Fund,"Materials, Supplies & Equip.",Water Fund,,,,,,,43010.0,,,,,,,,,,,,,,,
Government Operations,Law Department City of Philadelphia - 14 - City of Philadelphia,Water Fund,Personal Services,Water Fund,,,,,,,3481095.0,,,,,,,,,,,,,,,
Government Operations,Law Department City of Philadelphia - 14 - City of Philadelphia,Water Fund,Purchase of Services,Water Fund,,,,,,,691614.0,,,,,,,,,,,,,,,
Government Operations,Licenses & Inspection,Community Development Fund,Personal Services,Community Development Fund,503500.0,2.69,490303.0,0.0,490303.0,0.0,490303.0,0.0,490303.0,0.0,490303.0,0.0,490303.0,0.0,490303.0,-4.76,514818.0,,,,,
Government Operations,Licenses & Inspection,General Fund,"Contrib., Indemnities & Taxes",General Fund,0.0,,0.0,,,,0.0,,0.0,,0.0,,0.0,,0.0,,0.0,,,,,
Government Operations,Licenses & Inspection,General Fund,"Materials, Supplies & Equip.",General Fund,2510475.0,141.05,1041475.0,28.66,809475.0,0.0,809475.0,0.0,809475.0,-3.0,834475.0,0.0,834475.0,-8.44,911397.0,16.18,784475.0,,,,,
Government Operations,Licenses & Inspection,General Fund,Personal Services,General Fund,33725984.0,9.64,30761407.0,8.24,28420282.0,-0.29,28501910.0,6.87,26670602.0,8.51,24577968.0,2.54,23970217.0,-7.69,25967209.0,12.2,23144341.0,,,,,
Government Operations,Licenses & Inspection,General Fund,Purchase of Services,General Fund,14212118.0,0.17,14188444.0,1.37,13996444.0,-6.36,14946444.0,5.66,14146162.0,4.62,13522002.0,0.56,13447002.0,-6.64,14403945.0,6.07,13579060.0,,,,,
Government Operations,Licenses & Inspection,Philadelphia County Demolition Fund,Purchase of Services,Philadelphia County Demolition Fund,1000000.0,0.0,1000000.0,0.0,1000000.0,,,,2250000.0,,,,,,,,,,,,,
Government Operations,Managing Director,General Fund,"Contrib., Indemnities & Taxes",General Fund,0.0,,0.0,,0.0,-100.0,4300000.0,0.0,4300000.0,30.3,3300000.0,144.44,1350000.0,,0.0,,0.0,,,,,
Government Operations,Managing Director,General Fund,"Materials, Supplies & Equip.",General Fund,4530754.0,-17.38,5483732.0,-24.94,7306014.0,92.03,3804618.0,57.47,2416018.0,-46.42,4509265.0,189.65,1556787.0,36.92,1136979.0,30.39,872013.0,,,,,
Government Operations,Managing Director,General Fund,Payments to Other Funds,General Fund,350000.0,0.0,350000.0,0.0,350000.0,,0.0,,0.0,,0.0,,,,,,,,,,,
Government Operations,Managing Director,General Fund,Personal Services,General Fund,37211322.0,1.93,36508162.0,-13.26,42089856.0,31.69,31961256.0,-9.12,35167882.0,-19.62,43754013.0,21.14,36119907.0,55.89,23170579.0,13.92,20339262.0,,,,,
Government Operations,Managing Director,General Fund,Purchase of Services,General Fund,71921238.0,11.75,64357107.0,-49.65,127810327.0,-13.14,147139729.0,62.13,90753102.0,22.6,74021183.0,134.33,31588550.0,0.37,31472162.0,23.8,25421862.0,,,,,
Government Operations,Managing Director,Grants Revenue Fund,"Materials, Supplies & Equip.",Grants Revenue Fund,10741500.0,4196.6,250000.0,-75.0,1000000.0,48.15,675000.0,-97.84,31270143.0,-27.26,42991865.0,-51.4,88458300.0,26345.88,334488.0,-18.44,410089.0,,,,,
Government Operations,Managing Director,Grants Revenue Fund,Pers. Svcs.-Emp.Benefits,Grants Revenue Fund,4000.0,,,,950000.0,318.5,227000.0,0.0,227000.0,-58.21,543234.0,-0.46,545759.0,66.9,327000.0,,,,,,,
Government Operations,Managing Director,Grants Revenue Fund,Personal Services,Grants Revenue Fund,47330000.0,1027.45,4197983.0,-52.16,8775481.0,-7.88,9525674.0,-62.88,25661478.0,-53.78,55520732.0,8.15,51334779.0,796.12,5728587.0,73.95,3293207.0,,,,,
Government Operations,Managing Director,Grants Revenue Fund,Purchase of Services,Grants Revenue Fund,83665000.0,88.13,44470872.0,77.57,25044543.0,0.0,25044543.0,-47.39,47607760.0,-51.94,99060305.0,90.17,52089119.0,1154.18,4153247.0,-28.97,5847251.0,,,,,
Government Operations,Managing Director,Water Fund,Personal Services,Water Fund,138550.0,0.0,138550.0,0.0,138550.0,0.0,138550.0,0.0,138550.0,0.0,138550.0,0.0,138550.0,0.0,138550.0,,,,,,,
Government Operations,Managing Director - Citizens Police Oversight Commission,General Fund,"Materials, Supplies & Equip.",General Fund,0.0,,0.0,-100.0,12000.0,0.0,12000.0,500.0,2000.0,,,,,,,,,,,,,
Government Operations,Managing Director - Citizens Police Oversight Commission,General Fund,Personal Services,General Fund,0.0,,0.0,-100.0,2203640.0,0.0,2203640.0,103.01,1085500.0,,,,,,,,,,,,,
Government Operations,Managing Director - Citizens Police Oversight Commission,General Fund,Purchase of Services,General Fund,0.0,,0.0,-100.0,808002.0,0.0,808002.0,-38.56,1315070.0,,,,,,,,,,,,,
Government Operations,Managing Director - Clean & Green,General Fund,"Materials, Supplies & Equip.",General Fund,0.0,,0.0,,,,,,,,,,,,,,,,,,,
Government Operations,Managing Director - Clean & Green,General Fund,Personal Services,General Fund,0.0,,0.0,-100.0,1055000.0,,,,,,,,,,,,,,,,,
Government Operations,Managing Director - Clean & Green,General Fund,Purchase of Services,General Fund,0.0,,0.0,,,,,,,,,,,,,,,,,,,
Government Operations,Managing Director - Defenders Association,General Fund,Purchase of Services,General Fund,69047780.0,0.0,69047780.0,4.62,65997780.0,6.45,61997780.0,,,,,,,,,,,,,,,
Government Operations,Managing Director - Legal Services,General Fund,Purchase of Services,General Fund,,,,,,,,,59844449.0,14.2,52404449.0,4.59,50104181.0,-0.66,50439541.0,0.13,50375841.0,,,,,
Government Operations,Managing Director - Office of Fleet Management,Aviation Fund,"Materials, Supplies & Equip.",Aviation Fund,,,,,,,,,,,1194400.0,0.0,1194400.0,-20.0,1493000.0,0.0,1493000.0,,,,,
Government Operations,Managing Director - Office of Fleet Management,Aviation Fund,Personal Services,Aviation Fund,,,,,,,,,,,1420817.0,7.57,1320817.0,-13.11,1520109.0,0.35,1514839.0,,,,,
Government Operations,Managing Director - Office of Fleet Management,Aviation Fund,Purchase of Services,Aviation Fund,,,,,,,,,,,470400.0,0.0,470400.0,-20.0,588000.0,0.0,588000.0,,,,,
Government Operations,Managing Director - Office of Fleet Management,Water Fund,"Materials, Supplies & Equip.",Water Fund,,,,,,,,,,,4044640.0,0.0,4044640.0,-5.38,4274640.0,0.0,4274640.0,,,,,
Government Operations,Managing Director - Office of Fleet Management,Water Fund,Personal Services,Water Fund,,,,,,,,,,,3365544.0,0.0,3365544.0,9.16,3083114.0,0.68,3062196.0,,,,,
Government Operations,Managing Director - Office of Fleet Management,Water Fund,Purchase of Services,Water Fund,,,,,,,,,,,1489000.0,0.0,1489000.0,0.0,1489000.0,0.0,1489000.0,,,,,
Government Operations,Managing Director - Office of Fleet Management - Vehicle Purchase,Aviation Fund,"Materials, Supplies & Equip.",Aviation Fund,,,,,,,,,,,500000.0,-72.22,1800000.0,-62.5,4800000.0,0.0,4800000.0,,,,,
Government Operations,Managing Director - Public Safety,General Fund,"Materials, Supplies & Equip.",General Fund,0.0,,0.0,,,,,,,,,,,,,,,,,,,
Government Operations,Managing Director - Public Safety,General Fund,Personal Services,General Fund,0.0,,0.0,-100.0,2203158.0,,,,,,,,,,,,,,,,,
Government Operations,Managing Director - Public Safety,General Fund,Purchase of Services,General Fund,0.0,,0.0,-100.0,11180943.0,,,,,,,,,,,,,,,,,
Government Operations,Managing Director City of Philadelphia - 13 - City of Philadelphia,Water Fund,Personal Services,Water Fund,,,,,,,,,,,,,,,,,138550.0,,,,,
Government Operations,Mayor,Grants Revenue Fund,"Materials, Supplies & Equip.",Grants Revenue Fund,,,,,,,,,,,,,,,1969.0,,,,,,,
Government Operations,Mayor,Grants Revenue Fund,Pers. Svcs.-Emp.Benefits,Grants Revenue Fund,,,,,,,,,,,,,,,64080.0,,,,,,,
Government Operations,Mayor,Grants Revenue Fund,Personal Services,Grants Revenue Fund,,,,,,,,,455000.0,160.0,175000.0,0.0,175000.0,-79.11,837663.0,,,,,,,
Government Operations,Mayor,Grants Revenue Fund,Purchase of Services,Grants Revenue Fund,,,,,,,,,,,,,,,11473.0,,,,,,,
Government Operations,Mayor - Office of Community Empowerment and Opportunity City of Philadelphia - 17 - City of Philadelphia,Grants Revenue Fund,"Materials, Supplies & Equip.",Grants Revenue Fund,,,,,85409.0,,,,,,,,,,,,,,,,,
Government Operations,Mayor - Office of Innovation and Technology City of Philadelphia - 12 - City of Philadelphia,Water Fund,"Materials, Supplies & Equip.",Water Fund,,,,,,,,,,,1584850.0,-22.65,2048850.0,,,,,,,,,
Government Operations,Mayor - Office of Innovation and Technology City of Philadelphia - 12 - City of Philadelphia,Water Fund,Personal Services,Water Fund,,,,,,,,,,,,,8742629.0,,,,,,,,,
Government Operations,Mayor - Office of Innovation and Technology City of Philadelphia - 12 - City of Philadelphia,Water Fund,Purchase of Services,Water Fund,,,,,,,,,,,,,20700879.0,,,,,,,,,
Government Operations,Mayor - Office of the Chief Administrative Officer,Grants Revenue Fund,Personal Services,Grants Revenue Fund,,,,,,,,,,,,,,,,,102307.0,,,,,
Government Operations,Mayor City of Philadelphia - 17 - City of Philadelphia,Grants Revenue Fund,"Materials, Supplies & Equip.",Grants Revenue Fund,,,,,,,,,,,,,,,,,1969.0,,,,,
Government Operations,Mayor City of Philadelphia - 17 - City of Philadelphia,Grants Revenue Fund,Pers. Svcs.-Emp.Benefits,Grants Revenue Fund,,,,,,,,,,,,,,,,,64080.0,,,,,
Government Operations,Mayor City of Philadelphia - 17 - City of Philadelphia,Grants Revenue Fund,Personal Services,Grants Revenue Fund,,,,,,,,,,,,,,,,,837663.0,,,,,
Government Operations,Mayor City of Philadelphia - 17 - City of Philadelphia,Grants Revenue Fund,Purchase of Services,Grants Revenue Fund,,,,,,,,,,,,,,,,,11473.0,,,,,
Government Operations,Mayor's Office,General Fund,"Contrib., Indemnities & Taxes",General Fund,0.0,,0.0,,,,0.0,,0.0,,0.0,,0.0,,0.0,,0.0,,,,,
Government Operations,Mayor's Office,General Fund,"Materials, Supplies & Equip.",General Fund,158911.0,-7.02,170911.0,-49.47,338261.0,560.77,51192.0,63.34,31341.0,-24.19,41341.0,0.0,41341.0,18.66,34841.0,25.14,27841.0,,,,,
Government Operations,Mayor's Office,General Fund,Personal Services,General Fund,11217634.0,-8.04,12198513.0,-8.9,13390483.0,153.18,5288872.0,-16.08,6301957.0,6.95,5892600.0,2.02,5775991.0,7.09,5393827.0,17.11,4605862.0,,,,,
Government Operations,Mayor's Office,General Fund,Purchase of Services,General Fund,2343826.0,61.96,1447150.0,-6.44,1546789.0,112.56,727680.0,-10.79,815680.0,4.54,780260.0,20.73,646260.0,-5.65,684965.0,0.37,682465.0,,,,,
Government Operations,Mayor's Office - Scholarships,General Fund,"Contrib., Indemnities & Taxes",General Fund,,,,,0.0,-100.0,100000.0,0.0,100000.0,0.0,100000.0,0.0,100000.0,-50.0,200000.0,0.0,200000.0,,,,,
Government Operations,Office of Arts & Culture & the Creative Economy,General Fund,"Contrib., Indemnities & Taxes",General Fund,,,,,,,,,,,0.0,,0.0,-100.0,3370688.0,0.0,3370688.0,,,,,
Government Operations,Office of Arts & Culture & the Creative Economy,General Fund,"Materials, Supplies & Equip.",General Fund,,,,,,,,,,,0.0,,0.0,-100.0,7000.0,0.0,7000.0,,,,,
Government Operations,Office of Arts & Culture & the Creative Economy,General Fund,Personal Services,General Fund,,,,,,,,,,,0.0,,0.0,-100.0,508300.0,62.52,312767.0,,,,,
Government Operations,Office of Arts & Culture & the Creative Economy,General Fund,Purchase of Services,General Fund,,,,,,,,,,,0.0,,0.0,-100.0,212014.0,-56.05,482400.0,,,,,
Government Operations,Office of Children and Families,General Fund,"Contrib., Indemnities & Taxes",General Fund,,,,,,,0.0,,0.0,,0.0,,0.0,,,,,,,,,
Government Operations,Office of Children and Families,General Fund,"Materials, Supplies & Equip.",General Fund,,,,,,,0.0,,0.0,,0.0,,0.0,,,,,,,,,
Government Operations,Office of Children and Families,General Fund,Personal Services,General Fund,,,,,949098.0,97.28,481098.0,3.82,463413.0,4.84,442000.0,5.53,418820.0,,,,,,,,,
Government Operations,Office of Children and Families,General Fund,Purchase of Services,General Fund,,,,,,,0.0,,0.0,,0.0,,0.0,,,,,,,,,
Government Operations,Office of Housing and Community Development,General Fund,"Contrib., Indemnities & Taxes",General Fund,,,,,,,,,,,,,,,,,0.0,,,,,
Government Operations,Office of Housing and Community Development,General Fund,Purchase of Services,General Fund,,,,,,,,,,,,,,,,,0.0,,,,,
Government Operations,Office of Human Resources,General Fund,"Contrib., Indemnities & Taxes",General Fund,,,,,,,0.0,,0.0,,0.0,,,,,,,,,,,
Government Operations,Office of Human Resources,General Fund,"Materials, Supplies & Equip.",General Fund,72903.0,0.0,72903.0,0.0,72903.0,0.0,72903.0,5.0,69432.0,0.0,69432.0,0.0,69432.0,-22.36,89432.0,28.81,69432.0,,,,,
Government Operations,Office of Human Resources,General Fund,Personal Services,General Fund,8061912.0,7.09,7528300.0,11.86,6730282.0,3.38,6509982.0,7.73,6042760.0,15.68,5223802.0,-1.27,5290733.0,-4.77,5555785.0,10.34,5035367.0,,,,,
Government Operations,Office of Human Resources,General Fund,Purchase of Services,General Fund,14831619.0,37.87,10757871.0,201.1,3572871.0,-41.69,6127871.0,369.19,1306067.0,10.91,1177570.0,34.19,877570.0,-28.6,1229070.0,-0.81,1239070.0,,,,,
Government Operations,Office of Innovation and Technology,Aviation Fund,"Materials, Supplies & Equip.",Aviation Fund,,,19968.0,74.06,11472.0,-39.65,19008.0,86.35,10200.0,,,,,,,,,,,,,
Government Operations,Office of Innovation and Technology,Aviation Fund,Personal Services,Aviation Fund,3686398.0,27.45,2892539.0,32.41,2184589.0,17.52,1858957.0,66.14,1118907.0,0.73,1110780.0,-7.53,1201280.0,-22.08,1541600.0,64.0,940000.0,,,,,
Government Operations,Office of Innovation and Technology,Aviation Fund,Purchase of Services,Aviation Fund,2631825.0,48.34,1774231.0,0.58,1764037.0,27.38,1384843.0,-12.95,1590849.0,-2.32,1628698.0,23.38,1320071.0,-9.4,1457089.0,19.13,1223089.0,,,,,
Government Operations,Office of Innovation and Technology,General Fund,"Contrib., Indemnities & Taxes",General Fund,0.0,,0.0,,0.0,,0.0,,0.0,,0.0,,0.0,,0.0,,0.0,,,,,
Government Operations,Office of Innovation and Technology,General Fund,"Materials, Supplies & Equip.",General Fund,12355834.0,10.98,11133602.0,13.85,9779123.0,118.8,4469423.0,49.65,2986610.0,-7.52,3229295.0,-49.51,6396428.0,7.85,5931046.0,0.79,5884500.0,,,,,
Government Operations,Office of Innovation and Technology,General Fund,Payments to Other Funds,General Fund,0.0,,0.0,,,,,,,,,,,,,,,,,,,
Government Operations,Office of Innovation and Technology,General Fund,Personal Services,General Fund,35487971.0,4.05,34107725.0,6.94,31895120.0,0.09,31866139.0,1.56,31377472.0,17.13,26789649.0,17.38,22822147.0,1.6,22462148.0,13.12,19856817.0,,,,,
Government Operations,Office of Innovation and Technology,General Fund,Purchase of Services,General Fund,83413846.0,13.95,73200955.0,11.0,65947989.0,9.77,60080243.0,4.91,57268720.0,17.43,48768639.0,4.71,46576598.0,8.81,42805345.0,7.68,39750610.0,,,,,
Government Operations,Office of Innovation and Technology,Grants Revenue Fund,"Materials, Supplies & Equip.",Grants Revenue Fund,814194.0,-8.38,888649.0,7.15,829368.0,-15.36,979909.0,-19.39,1215627.0,-27.31,1672435.0,-55.09,3723758.0,,,,,,,,,
Government Operations,Office of Innovation and Technology,Grants Revenue Fund,Payments to Other Funds,Grants Revenue Fund,45361775.0,-25.6,60972220.0,33.51,45668000.0,-8.33,49819099.0,4.67,47595000.0,-3.4,49270284.0,-31.09,71500662.0,-29.68,101673000.0,84.73,55038238.0,,,,,
Government Operations,Office of Innovation and Technology,Grants Revenue Fund,Personal Services,Grants Revenue Fund,350000.0,-29.56,496873.0,61.18,308281.0,-27.65,426090.0,10.21,386627.0,13.71,340009.0,3.71,327835.0,29.66,252835.0,9.32,231290.0,,,,,
Government Operations,Office of Innovation and Technology,Grants Revenue Fund,Purchase of Services,Grants Revenue Fund,3283312.0,-37.67,5267559.0,264.31,1445895.0,41.59,1021193.0,-9.92,1133646.0,-20.6,1427791.0,-46.46,2666623.0,50.47,1772138.0,84.98,958019.0,,,,,
Government Operations,Office of Innovation and Technology,Water Fund,"Materials, Supplies & Equip.",Water Fund,2196000.0,-0.25,2201468.0,-11.84,2497110.0,37.89,1810893.0,17.47,1541613.0,,,,,,2133850.0,-29.63,3032350.0,,,,,
Government Operations,Office of Innovation and Technology,Water Fund,Personal Services,Water Fund,12580161.0,1.97,12336806.0,0.04,12331626.0,2.89,11984930.0,12.59,10644369.0,17.68,9045320.0,,,,8700632.0,8.71,8003747.0,,,,,
Government Operations,Office of Innovation and Technology,Water Fund,Purchase of Services,Water Fund,31758615.0,6.81,29733563.0,3.89,28620250.0,8.7,26330084.0,14.23,23049397.0,6.74,21594698.0,,,,20015542.0,-4.37,20930724.0,,,,,
Government Operations,Office of Innovation and Technology - 911,General Fund,"Materials, Supplies & Equip.",General Fund,8868174.0,-53.32,18998646.0,135.59,8064399.0,0.0,8064399.0,0.0,8064399.0,0.0,8064399.0,-65.04,23064399.0,70.37,13537978.0,67.87,8064399.0,,,,,
Government Operations,Office of Innovation and Technology - 911,General Fund,Personal Services,General Fund,1908732.0,0.0,1908732.0,10.41,1728732.0,7.46,1608732.0,13.57,1416547.0,5.59,1341547.0,0.0,1341547.0,-5.29,1416547.0,47.42,960906.0,,,,,
Government Operations,Office of Innovation and Technology - 911,General Fund,Purchase of Services,General Fund,16637321.0,-19.69,20716856.0,14.79,18046883.0,-18.64,22182390.0,10.08,20150466.0,-8.11,21928631.0,-24.8,29159009.0,10.95,26280561.0,-0.28,26354703.0,,,,,
Government Operations,Office of Planning and Development,General Fund,"Contrib., Indemnities & Taxes",General Fund,,,,,,,,,,,,,,,,,0.0,,,,,
Government Operations,Office of Planning and Development,General Fund,"Materials, Supplies & Equip.",General Fund,,,,,,,,,,,,,,,,,0.0,,,,,
Government Operations,Office of Planning and Development,General Fund,Personal Services,General Fund,,,,,,,,,,,,,,,,,0.0,,,,,
Government Operations,Office of Planning and Development,General Fund,Purchase of Services,General Fund,,,,,,,,,,,,,,,,,0.0,,,,,
Government Operations,Office of Property Assessment,General Fund,"Materials, Supplies & Equip.",General Fund,362600.0,0.0,362600.0,0.0,362600.0,0.0,362600.0,0.0,362600.0,0.0,362600.0,-52.45,762600.0,-3.17,787600.0,26.5,622600.0,,,,,
Government Operations,Office of Property Assessment,General Fund,Personal Services,General Fund,17477200.0,5.17,16618749.0,3.73,16021562.0,0.0,16021562.0,2.9,15569756.0,8.16,14395213.0,11.43,12918061.0,-8.56,14127682.0,18.81,11890699.0,,,,,
Government Operations,Office of Property Assessment,General Fund,Purchase of Services,General Fund,4086020.0,36.84,2986020.0,55.04,1926020.0,0.0,1926020.0,0.0,1926020.0,-4.94,2026020.0,-16.3,2420632.0,0.73,2403126.0,41.1,1703126.0,,,,,
Government Operations,Office of Public Safety - Office of Prison Oversight,General Fund,"Materials, Supplies & Equip.",General Fund,27922.0,0.0,27922.0,,,,,,,,,,,,,,,,,,,
Government Operations,Office of Public Safety - Office of Prison Oversight,General Fund,Personal Services,General Fund,1052648.0,3.08,1021158.0,,,,,,,,,,,,,,,,,,,
Government Operations,Office of Public Safety - Office of Prison Oversight,General Fund,Purchase of Services,General Fund,349027.0,0.0,349027.0,,,,,,,,,,,,,,,,,,,
Government Operations,Office of Sustainability,Aviation Fund,Personal Services,Aviation Fund,80873.0,0.0,80873.0,0.0,80873.0,0.0,80873.0,0.0,80873.0,0.0,80873.0,26.62,63873.0,,,,63873.0,,,,,
Government Operations,Office of Sustainability,Aviation Fund,Purchase of Services,Aviation Fund,30000.0,0.0,30000.0,0.0,30000.0,0.0,30000.0,0.0,30000.0,0.0,30000.0,25.0,24000.0,,,,30000.0,,,,,
Government Operations,Office of Sustainability,General Fund,"Contrib., Indemnities & Taxes",General Fund,0.0,,0.0,,,,,,,,,,,,,,,,,,,
Government Operations,Office of Sustainability,General Fund,"Materials, Supplies & Equip.",General Fund,2500.0,0.0,2500.0,150.0,1000.0,0.0,1000.0,0.0,1000.0,0.0,1000.0,0.0,1000.0,-94.39,17840.0,0.0,17840.0,,,,,
Government Operations,Office of Sustainability,General Fund,Payments to Other Funds,General Fund,0.0,-100.0,175000.0,0.0,175000.0,0.0,175000.0,0.0,175000.0,0.0,175000.0,0.0,175000.0,-30.0,250000.0,,,,,,,
Government Operations,Office of Sustainability,General Fund,Personal Services,General Fund,2163233.0,5.35,2053333.0,38.08,1487029.0,-1.65,1511901.0,55.6,971635.0,34.46,722621.0,19.68,603814.0,9.4,551910.0,2.59,537979.0,,,,,
Government Operations,Office of Sustainability,General Fund,Purchase of Services,General Fund,927984.0,-9.42,1024484.0,30.18,786984.0,-38.85,1286984.0,149.24,516366.0,-23.61,675966.0,59.66,423366.0,7.59,393508.0,0.0,393508.0,,,,,
Government Operations,Office of Sustainability,Grants Revenue Fund,"Materials, Supplies & Equip.",Grants Revenue Fund,,,,,,,,,50000.0,0.0,50000.0,,,,,,,,,,,
Government Operations,Office of Sustainability,Grants Revenue Fund,Personal Services,Grants Revenue Fund,650000.0,39.15,467112.0,2.39,456197.0,436.7,85000.0,-73.44,320000.0,31.49,243356.0,170.4,90000.0,350.0,20000.0,-60.0,50000.0,,,,,
Government Operations,Office of Sustainability,Grants Revenue Fund,Purchase of Services,Grants Revenue Fund,2450000.0,22.5,2000000.0,-58.33,4800000.0,88.24,2550000.0,996.77,232500.0,19.23,195000.0,44.44,135000.0,92.86,70000.0,-58.5,168673.0,,,,,
Government Operations,Office of Sustainability,Water Fund,Personal Services,Water Fund,135874.0,0.0,135874.0,0.0,135874.0,0.0,135874.0,58.22,85874.0,0.0,85874.0,34.44,63874.0,0.0,63874.0,0.0,63874.0,,,,,
Government Operations,Office of Sustainability,Water Fund,Purchase of Services,Water Fund,47000.0,0.0,47000.0,0.0,47000.0,0.0,47000.0,0.0,47000.0,0.0,47000.0,56.67,30000.0,0.0,30000.0,0.0,30000.0,,,,,
Government Operations,Office of Sustainability City of Philadelphia - 23 - City of Philadelphia,Aviation Fund,Personal Services,Aviation Fund,,,,,,,,,,,,,,,63873.0,,,,,,,
Government Operations,Office of Sustainability City of Philadelphia - 23 - City of Philadelphia,Aviation Fund,Purchase of Services,Aviation Fund,,,,,,,,,,,,,,,30000.0,,,,,,,
Government Operations,Office of the Chief Administrative Officer,General Fund,"Materials, Supplies & Equip.",General Fund,129533.0,-8.71,141886.0,133.67,60720.0,-83.36,364968.0,-82.47,2082265.0,3.25,2016665.0,7462.97,26665.0,0.0,26665.0,60.01,16665.0,,,,,
Government Operations,Office of the Chief Administrative Officer,General Fund,Personal Services,General Fund,10492400.0,20.49,8707869.0,9.89,7924104.0,37.81,5749903.0,-9.71,6368435.0,25.8,5062173.0,18.93,4256565.0,-11.04,4784551.0,15.64,4137615.0,,,,,
Government Operations,Office of the Chief Administrative Officer,General Fund,Purchase of Services,General Fund,2977998.0,-3.46,3084645.0,-74.8,12240698.0,-0.53,12306088.0,91.47,6427056.0,66.26,3865698.0,88.52,2050549.0,-21.94,2627049.0,6.57,2465049.0,,,,,
Government Operations,Office of the Inspector General,General Fund,"Materials, Supplies & Equip.",General Fund,8665.0,0.0,8665.0,0.0,8665.0,0.0,8665.0,65.84,5225.0,0.0,5225.0,0.0,5225.0,0.0,5225.0,0.0,5225.0,,,,,
Government Operations,Office of the Inspector General,General Fund,Personal Services,General Fund,2573317.0,1.55,2534057.0,2.88,2463188.0,10.05,2238188.0,2.07,2192863.0,45.78,1504223.0,2.16,1472481.0,-6.64,1577241.0,2.88,1533111.0,,,,,
Government Operations,Office of the Inspector General,General Fund,Purchase of Services,General Fund,374695.0,-21.07,474695.0,26.69,374695.0,275.84,99695.0,1.76,97975.0,0.0,97975.0,0.0,97975.0,0.0,97975.0,0.0,97975.0,,,,,
Government Operations,Police Department City of Philadelphia - 17 - City of Philadelphia,Grants Revenue Fund,"Materials, Supplies & Equip.",Grants Revenue Fund,,,,,,,17564992.0,112.38,8270455.0,,,,,,,,,,,,,
Government Operations,Police Department City of Philadelphia - 17 - City of Philadelphia,Grants Revenue Fund,Pers. Svcs.-Emp.Benefits,Grants Revenue Fund,,,,,,,2225936.0,507.02,366700.0,,,,,,,,,,,,,
Government Operations,Police Department City of Philadelphia - 17 - City of Philadelphia,Grants Revenue Fund,Personal Services,Grants Revenue Fund,,,,,,,11415482.0,,,,,,,,,,,,,,,
Government Operations,Police Department City of Philadelphia - 17 - City of Philadelphia,Grants Revenue Fund,Purchase of Services,Grants Revenue Fund,,,,,,,8924410.0,186.36,3116544.0,,,,,,,,,,,,,
Government Operations,Police Department City of Philadelphia - 18 - City of Philadelphia,Grants Revenue Fund,"Materials, Supplies & Equip.",Grants Revenue Fund,,,,,,,,,,,,,,,,,7143170.0,,,,,
Government Operations,Police Department City of Philadelphia - 18 - City of Philadelphia,Grants Revenue Fund,Pers. Svcs.-Emp.Benefits,Grants Revenue Fund,,,,,,,,,,,,,,,,,384114.0,,,,,
Government Operations,Police Department City of Philadelphia - 18 - City of Philadelphia,Grants Revenue Fund,Personal Services,Grants Revenue Fund,,,,,,,,,,,,,,,,,3861903.0,,,,,
Government Operations,Police Department City of Philadelphia - 18 - City of Philadelphia,Grants Revenue Fund,Purchase of Services,Grants Revenue Fund,,,,,,,,,,,,,,,,,4356842.0,,,,,
Government Operations,Police Department City of Philadelphia - 21 - City of Philadelphia,Aviation Fund,"Materials, Supplies & Equip.",Aviation Fund,,,,,,,,,,,,,74400.0,,,,,,,,,
Government Operations,Police Department City of Philadelphia - 21 - City of Philadelphia,Aviation Fund,Personal Services,Aviation Fund,,,,,,,,,,,,,14724843.0,,,,,,,,,
Government Operations,Police Department City of Philadelphia - 21 - City of Philadelphia,Aviation Fund,Purchase of Services,Aviation Fund,,,,,,,,,,,,,63960.0,,,,,,,,,
Government Operations,Procurement,General Fund,"Contrib., Indemnities & Taxes",General Fund,,,,,,,0.0,,,,,,,,,,0.0,,,,,
Government Operations,Procurement,General Fund,"Materials, Supplies & Equip.",General Fund,46868.0,0.0,46868.0,0.0,46868.0,0.0,46868.0,19.08,39359.0,218.46,12359.0,-69.25,40194.0,-18.06,49054.0,0.0,49054.0,,,,,
Government Operations,Procurement,General Fund,Personal Services,General Fund,3452131.0,4.81,3293773.0,4.28,3158682.0,-12.56,3612226.0,6.11,3404302.0,28.55,2648235.0,8.69,2436508.0,-10.07,2709242.0,5.29,2573121.0,,,,,
Government Operations,Procurement,General Fund,Purchase of Services,General Fund,4413948.0,23.85,3563948.0,0.0,3563948.0,-0.35,3576628.0,4.24,3431115.0,1.04,3395744.0,48.7,2283634.0,-21.69,2916267.0,25.9,2316267.0,,,,,
Government Operations,Procurement,Water Fund,Personal Services,Water Fund,104004.0,-10.01,115569.0,2.39,112870.0,-11.1,126961.0,11.64,113720.0,5.87,107411.0,-2.81,110515.0,4.97,105285.0,13.1,93093.0,,,,,
Government Operations,Procurement Department City of Philadelphia - 20 - City of Philadelphia,Grants Revenue Fund,Purchase of Services,Grants Revenue Fund,,,,,,,,,,,,,,,,,3000.0,,,,,
Government Operations,Public Property,General Fund,"Contrib., Indemnities & Taxes",General Fund,0.0,,0.0,,0.0,,0.0,,0.0,,0.0,,0.0,,0.0,,0.0,,,,,
Government Operations,Public Property,General Fund,"Materials, Supplies & Equip.",General Fund,1604966.0,-13.48,1854966.0,36.9,1354966.0,-3.59,1405461.0,5.0,1338535.0,0.0,1338535.0,0.0,1338535.0,0.0,1338535.0,-6.76,1435535.0,,,,,
Government Operations,Public Property,General Fund,Payments to Other Funds,General Fund,44085905.0,10.17,40015035.0,41.7,28239244.0,-15.38,33373310.0,22.77,27184004.0,3.51,26262470.0,-6.99,28235000.0,5.98,26643000.0,-3.74,27678994.0,,,,,
Government Operations,Public Property,General Fund,Personal Services,General Fund,10472281.0,5.08,9965810.0,4.91,9499821.0,-23.36,12395405.0,2.86,12050817.0,19.33,10098527.0,-0.03,10101149.0,7.51,9395654.0,8.5,8659293.0,,,,,
Government Operations,Public Property,General Fund,Purchase of Services,General Fund,51276845.0,1.74,50398367.0,2.92,48969748.0,1.0,48484992.0,28.92,37608915.0,5.27,35725814.0,16.94,30549657.0,-2.44,31314408.0,4.01,30107724.0,,,,,
Government Operations,Public Property,Water Fund,Purchase of Services,Water Fund,5494744.0,0.0,5494744.0,0.0,5494744.0,0.0,5494744.0,19.14,4612169.0,2.6,4495292.0,2.9,4368565.0,,,,4265847.0,,,,,
Government Operations,Public Property - SEPTA Subsidy,General Fund,Purchase of Services,General Fund,134989000.0,0.0,134989000.0,1.27,133291440.0,21.65,109567000.0,8.81,100699000.0,10.4,91214000.0,7.81,84608000.0,-3.37,87556000.0,3.48,84608000.0,,,,,
Government Operations,Public Property - Space Rentals,General Fund,Purchase of Services,General Fund,63130838.0,9.34,57736320.0,44.2,40038929.0,6.92,37448243.0,12.48,33293144.0,8.69,30631626.0,19.81,25567715.0,-2.71,26278677.0,17.01,22457948.0,,,,,
Government Operations,Public Property - Utilities,General Fund,Purchase of Services,General Fund,35959093.0,7.09,33578003.0,27.79,26276250.0,-15.68,31162103.0,-5.53,32986853.0,32.61,24875748.0,-2.25,25447623.0,-7.1,27393339.0,9.54,25008269.0,,,,,
Government Operations,Public Property-Utilities,Aviation Fund,Purchase of Services,Aviation Fund,20000000.0,9.29,18300000.0,4.57,17500000.0,0.57,17400000.0,24.29,14000000.0,0.0,14000000.0,-36.07,21900000.0,-18.59,26900000.0,0.0,26900000.0,,,,,
Government Operations,Records,General Fund,"Contrib., Indemnities & Taxes",General Fund,,,,,,,0.0,,0.0,,0.0,,0.0,-100.0,1456.0,0.0,1456.0,,,,,
Government Operations,Records,General Fund,"Materials, Supplies & Equip.",General Fund,143758.0,0.0,143758.0,0.0,143758.0,0.0,143758.0,0.0,143758.0,0.0,143758.0,0.0,143758.0,0.0,143758.0,0.0,143758.0,,,,,
Government Operations,Records,General Fund,Personal Services,General Fund,4035760.0,6.38,3793693.0,4.71,3623071.0,0.18,3616541.0,7.18,3374335.0,12.11,3009970.0,-3.44,3117312.0,-3.38,3226285.0,4.6,3084514.0,,,,,
Government Operations,Records,General Fund,Purchase of Services,General Fund,704122.0,-12.98,809122.0,-2.41,829122.0,3.11,804122.0,5.95,758985.0,0.0,758985.0,2.11,743265.0,-51.7,1538779.0,0.0,1538779.0,,,,,
Government Operations,Register of Wills,General Fund,"Contrib., Indemnities & Taxes",General Fund,0.0,,0.0,,0.0,,,,,,,,,,,,,,,,,
Government Operations,Register of Wills,General Fund,"Materials, Supplies & Equip.",General Fund,152596.0,0.0,152596.0,0.0,152596.0,0.0,152596.0,8.81,140236.0,0.0,140236.0,0.0,140236.0,0.0,140236.0,116.58,64750.0,,,,,
Government Operations,Register of Wills,General Fund,Personal Services,General Fund,5454916.0,1.14,5393539.0,3.72,5200243.0,16.85,4450243.0,3.26,4309771.0,8.94,3956193.0,0.0,3956193.0,-7.7,4286409.0,2.7,4173645.0,,,,,
Government Operations,Register of Wills,General Fund,Purchase of Services,General Fund,421959.0,-37.2,671959.0,59.25,421959.0,0.0,421959.0,3.69,406959.0,119.98,185000.0,48.0,125000.0,0.0,125000.0,-37.65,200486.0,,,,,
Government Operations,Register of Wills,Grants Revenue Fund,"Materials, Supplies & Equip.",Grants Revenue Fund,,,,,,,,,,,200000.0,0.0,200000.0,0.0,200000.0,0.0,200000.0,,,,,
Government Operations,Register of Wills,Grants Revenue Fund,Purchase of Services,Grants Revenue Fund,850000.0,0.0,850000.0,325.0,200000.0,0.0,200000.0,0.0,200000.0,,,,,,,,,,,,,
Government Operations,Revenue,Acute Care Hospital Fund,"Materials, Supplies & Equip.",Acute Care Hospital Fund,15000.0,0.0,15000.0,,,,15000.0,0.0,15000.0,0.0,15000.0,0.0,15000.0,0.0,15000.0,0.0,15000.0,,,,,
Government Operations,Revenue,Acute Care Hospital Fund,Personal Services,Acute Care Hospital Fund,30000.0,0.0,30000.0,0.0,30000.0,0.0,30000.0,0.0,30000.0,0.0,30000.0,0.0,30000.0,0.0,30000.0,0.0,30000.0,,,,,
Government Operations,Revenue,General Fund,"Contrib., Indemnities & Taxes",General Fund,,,,,0.0,,0.0,,0.0,,0.0,,0.0,,0.0,,0.0,,,,,
Government Operations,Revenue,General Fund,"Materials, Supplies & Equip.",General Fund,1290545.0,-37.63,2069045.0,-11.92,2349045.0,119.73,1069045.0,37.95,774976.0,0.0,774976.0,0.0,774976.0,-34.82,1188976.0,29.24,919976.0,,,,,
Government Operations,Revenue,General Fund,Personal Services,General Fund,25083695.0,5.93,23679845.0,-0.09,23701664.0,4.75,22626664.0,3.19,21927194.0,7.59,20380548.0,-10.01,22648673.0,-5.37,23934508.0,8.02,22156816.0,,,,,
Government Operations,Revenue,General Fund,Purchase of Services,General Fund,6627649.0,30.86,5064649.0,-14.83,5946686.0,15.27,5158798.0,1.03,5106407.0,-11.77,5787749.0,0.0,5787749.0,-25.37,7755749.0,1.64,7630749.0,,,,,
Government Operations,Revenue,Grants Revenue Fund,Purchase of Services,Grants Revenue Fund,22650000.0,0.0,22650000.0,15.27,19650000.0,0.0,19650000.0,0.0,19650000.0,0.0,19650000.0,-14.57,23000000.0,-12.96,26425000.0,0.0,26425000.0,,,,,
Government Operations,Revenue,Water Fund,"Contrib., Indemnities & Taxes",Water Fund,,,,,,,,,,,,,,,5000.0,,,,,,,
Government Operations,Revenue,Water Fund,"Materials, Supplies & Equip.",Water Fund,1609000.0,-15.36,1901000.0,-22.22,2444000.0,17.19,2085500.0,45.38,1434500.0,0.0,1434500.0,0.0,1434500.0,0.35,1429500.0,,,,,,,
Government Operations,Revenue,Water Fund,Personal Services,Water Fund,14946515.0,10.81,13488370.0,24.98,10792000.0,0.01,10791338.0,1.45,10637180.0,3.91,10236598.0,-7.34,11047032.0,1.6,10873116.0,,,,,,,
Government Operations,Revenue,Water Fund,Purchase of Services,Water Fund,4847000.0,6.41,4555000.0,-11.64,5155000.0,0.02,5154000.0,-0.21,5165000.0,0.0,5165000.0,0.0,5165000.0,0.0,5165000.0,,,,,,,
Government Operations,Sanitation - Disposal,General Fund,Purchase of Services,General Fund,65275823.0,3.22,63238164.0,6.12,59589127.0,7.99,55178274.0,-0.38,55389886.0,-7.32,59762580.0,16.13,51462580.0,6.46,48340013.0,22.41,39490785.0,,,,,
Government Operations,Sinking Fund Commission (Debt Service),Aviation Fund,Debt Service,Aviation Fund,161255892.0,10.76,145590623.0,-3.67,151145020.0,-10.56,168997540.0,41.58,119361583.0,-9.58,132003960.0,-4.88,138778094.0,2.93,134825501.0,-17.69,163801936.0,,,,,
Government Operations,Sinking Fund Commission (Debt Service),Car Rental Tax Fund,Purchase of Services,Car Rental Tax Fund,8000000.0,14.29,7000000.0,0.0,7000000.0,0.0,7000000.0,0.0,7000000.0,0.0,7000000.0,0.0,7000000.0,0.0,7000000.0,0.0,7000000.0,,,,,
Government Operations,Sinking Fund Commission (Debt Service),General Fund,Debt Service,General Fund,241195016.0,4.19,231495486.0,-1.35,234667304.0,16.38,201632422.0,4.09,193710223.0,0.54,192666858.0,3.74,185714117.0,-0.94,187482819.0,10.61,169496126.0,,,,,
Government Operations,Sinking Fund Commission (Debt Service),General Fund,Purchase of Services,General Fund,189668861.0,9.46,173276984.0,43.37,120860169.0,-1.41,122585099.0,6.51,115087498.0,10.07,104560657.0,7.89,96918314.0,-11.27,109222498.0,-13.0,125536378.0,,,,,
Government Operations,Sinking Fund Commission (Debt Service),Housing Trust Fund,Purchase of Services,Housing Trust Fund,8262986.0,-0.01,8264034.0,0.06,8259348.0,-5.28,8720000.0,217.09,2750000.0,,,,,,,,,,,,,
Government Operations,Sinking Fund Commission (Debt Service),Municipal Pension Fund,"Materials, Supplies & Equip.",Municipal Pension Fund,86500.0,16.89,74000.0,-10.71,82875.0,2.22,81075.0,13.39,71500.0,,,,92000.0,0.0,92000.0,-44.24,165000.0,,,,,
Government Operations,Sinking Fund Commission (Debt Service),Municipal Pension Fund,Payments to Other Funds,Municipal Pension Fund,140000.0,7.69,130000.0,44.44,90000.0,0.0,90000.0,0.0,90000.0,,,,80000.0,0.0,80000.0,-11.11,90000.0,,,,,
Government Operations,Sinking Fund Commission (Debt Service),Municipal Pension Fund,Pers. Svcs.-Emp.Benefits,Municipal Pension Fund,6748848.0,0.0,6748848.0,-4.05,7033780.0,0.0,7033658.0,3.0,6828493.0,10.39,6186000.0,7.23,5769000.0,16.83,4938000.0,26.03,3918000.0,,,,,
Government Operations,Sinking Fund Commission (Debt Service),Municipal Pension Fund,Personal Services,Municipal Pension Fund,6019052.0,7.98,5574002.0,0.64,5538795.0,5.85,5232517.0,4.3,5017007.0,12.87,4445000.0,0.0,4445000.0,2.07,4355000.0,3.81,4195000.0,,,,,
Government Operations,Sinking Fund Commission (Debt Service),Municipal Pension Fund,Purchase of Services,Municipal Pension Fund,3527600.0,3.6,3405150.0,23.31,2761550.0,35.39,2039750.0,7.64,1895000.0,-24.71,2517000.0,-3.19,2600000.0,4.92,2478000.0,12.94,2194000.0,,,,,
Government Operations,Sinking Fund Commission (Debt Service),Water Fund,Debt Service,Water Fund,290221887.0,7.08,271043908.0,10.72,244803424.0,16.7,209771743.0,4.37,200992399.0,-0.27,201542300.0,-0.78,203122357.0,-6.87,218105830.0,2.4,212992336.0,,,,,
Government Operations,Water,Water Fund,"Contrib., Indemnities & Taxes",Water Fund,510000.0,0.0,510000.0,0.0,510000.0,0.0,510000.0,0.0,510000.0,0.0,510000.0,0.0,510000.0,-17.07,615000.0,-8.35,671000.0,,,,,
Government Operations,Water,Water Fund,"Materials, Supplies & Equip.",Water Fund,105417606.0,6.81,98699969.0,4.87,94112432.0,8.39,86826760.0,35.72,63974830.0,13.67,56280800.0,4.29,53965300.0,-1.64,54862900.0,1.4,54108000.0,,,,,
Government Operations,Water,Water Fund,Payments to Other Funds,Water Fund,71500000.0,0.0,71500000.0,0.0,71500000.0,,,,,,50030000.0,-28.53,70000000.0,-5.41,74000000.0,4.23,71000000.0,,,,,
Government Operations,Water,Water Fund,Personal Services,Water Fund,207040929.0,10.93,186646103.0,9.72,170109081.0,4.94,162101612.0,3.07,157272715.0,12.58,139692928.0,1.15,138110597.0,8.41,127397207.0,6.29,119863412.0,,,,,
Government Operations,Water,Water Fund,Purchase of Services,Water Fund,236345488.0,-5.87,251084327.0,15.26,217843041.0,0.85,216007564.0,11.07,194477502.0,5.84,183754422.0,3.65,177280450.0,3.34,171545350.0,-1.49,174143500.0,,,,,
Government Operations,Water,Water Residual Fund,"Materials, Supplies & Equip.",Water Residual Fund,8000000.0,0.0,8000000.0,0.0,8000000.0,0.0,8000000.0,0.0,8000000.0,0.0,8000000.0,300.0,2000000.0,0.0,2000000.0,,,,,,,
Government Operations,Water,Water Residual Fund,Payments to Other Funds,Water Residual Fund,16994000.0,0.0,16994000.0,,,,16994000.0,0.0,16994000.0,0.0,16994000.0,-48.5,33000000.0,0.0,33000000.0,-10.81,37000000.0,,,,,
Government Operations,Water,Water Residual Fund,Purchase of Services,Water Residual Fund,8000000.0,0.0,8000000.0,0.0,8000000.0,0.0,8000000.0,0.0,8000000.0,0.0,8000000.0,300.0,2000000.0,0.0,2000000.0,,,,,,,
Government Operations,Water Department City of Philadelphia - 13 - City of Philadelphia,Water Fund,Payments to Other Funds,Water Fund,,,,,,,71500000.0,40.0,51071000.0,,,,,,,,,,,,,
Government Operations,Water Department City of Philadelphia - 15 - City of Philadelphia,Water Residual Fund,Payments to Other Funds,Water Residual Fund,,,,,16994000.0,,,,,,,,,,,,,,,,,
Housing & Homeless Services,Neighborhood Community Action Centers,General Fund,"Contrib., Indemnities & Taxes",General Fund,0.0,,0.0,,,,,,,,,,,,,,,,,,,
Housing & Homeless Services,Neighborhood Community Action Centers,General Fund,"Materials, Supplies & Equip.",General Fund,112000.0,12.0,100000.0,,,,,,,,,,,,,,,,,,,
Housing & Homeless Services,Neighborhood Community Action Centers,General Fund,Personal Services,General Fund,3454081.0,33.6,2585304.0,,,,,,,,,,,,,,,,,,,
Housing & Homeless Services,Neighborhood Community Action Centers,General Fund,Purchase of Services,General Fund,913339.0,46.3,624300.0,,,,,,,,,,,,,,,,,,,
Housing & Homeless Services,Office of Homeless Services,General Fund,"Contrib., Indemnities & Taxes",General Fund,0.0,-100.0,32421.0,0.0,32421.0,0.0,32421.0,0.0,32421.0,0.0,32421.0,0.0,32421.0,0.0,32421.0,0.0,32421.0,,,,,
Housing & Homeless Services,Office of Homeless Services,General Fund,"Materials, Supplies & Equip.",General Fund,344127.0,0.0,344127.0,0.0,344127.0,0.0,344127.0,0.0,344127.0,0.0,344127.0,0.0,344127.0,0.0,344127.0,0.0,344127.0,,,,,
Housing & Homeless Services,Office of Homeless Services,General Fund,Personal Services,General Fund,12306871.0,7.81,11415485.0,7.33,10635985.0,0.0,10635985.0,7.1,9931274.0,6.7,9307467.0,15.35,8068689.0,-15.47,9545748.0,8.1,8830135.0,,,,,
Housing & Homeless Services,Office of Homeless Services,General Fund,Purchase of Services,General Fund,72692842.0,0.41,72396005.0,-6.83,77701846.0,11.73,69544170.0,18.6,58638836.0,28.49,45637327.0,28.22,35593350.0,-28.85,50023423.0,14.85,43554815.0,,,,,
Housing & Homeless Services,Office of Homeless Services,Grants Revenue Fund,"Materials, Supplies & Equip.",Grants Revenue Fund,500000.0,42.86,350000.0,0.0,350000.0,-16.94,421376.0,10.69,380667.0,-73.78,1452076.0,14.21,1271376.0,,,,1021376.0,,,,,
Housing & Homeless Services,Office of Homeless Services,Grants Revenue Fund,Personal Services,Grants Revenue Fund,2044573.0,-38.77,3338972.0,1.63,3285487.0,1.9,3224226.0,-2.46,3305650.0,-3.86,3438207.0,-5.64,3643654.0,,,,1805966.0,,,,,
Housing & Homeless Services,Office of Homeless Services,Grants Revenue Fund,Purchase of Services,Grants Revenue Fund,48483875.0,18.8,40812190.0,-11.04,45878211.0,1.03,45411317.0,2.03,44509932.0,-49.91,88857479.0,17.37,75707402.0,,,,41873415.0,,,,,
Housing & Homeless Services,Office of Homeless Services,Hotel Room Rental Tax Fund,Personal Services,Hotel Room Rental Tax Fund,583403.0,,,,,,,,,,,,,,,,,,,,,
Housing & Homeless Services,Office of Homeless Services,Hotel Room Rental Tax Fund,Purchase of Services,Hotel Room Rental Tax Fund,19445597.0,,,,,,,,,,,,,,,,,,,,,
Housing & Homeless Services,Planning and Development,Community Development Fund,"Materials, Supplies & Equip.",Community Development Fund,214000.0,0.0,214000.0,0.0,214000.0,0.0,214000.0,-15.25,252500.0,0.0,252500.0,0.0,252500.0,0.0,252500.0,-1.37,256000.0,,,,,
Housing & Homeless Services,Planning and Development,Community Development Fund,Payments to Other Funds,Community Development Fund,25000.0,0.0,25000.0,0.0,25000.0,,,,25000.0,0.0,25000.0,0.0,25000.0,0.0,25000.0,0.0,25000.0,,,,,
Housing & Homeless Services,Planning and Development,Community Development Fund,Personal Services,Community Development Fund,6714101.0,7.25,6260114.0,3.68,6038193.0,21.52,4968702.0,-2.48,5094921.0,6.08,4802795.0,-1.12,4857157.0,-2.03,4957590.0,5.28,4708736.0,,,,,
Housing & Homeless Services,Planning and Development,Community Development Fund,Purchase of Services,Community Development Fund,48936279.0,8.59,45065601.0,-77.99,204729000.0,-8.54,223847826.0,254.38,63165601.0,-21.19,80146264.0,-8.13,87235574.0,38.41,63025771.0,11.2,56675441.0,,,,,
Housing & Homeless Services,Planning and Development,General Fund,"Contrib., Indemnities & Taxes",General Fund,6000000.0,-14.29,7000000.0,0.0,7000000.0,7.69,6500000.0,116.67,3000000.0,-53.85,6500000.0,,0.0,-100.0,1350000.0,-67.61,4168000.0,,,,,
Housing & Homeless Services,Planning and Development,General Fund,"Materials, Supplies & Equip.",General Fund,131305.0,-79.16,630050.0,441.72,116305.0,0.0,116305.0,29.57,89761.0,11.14,80761.0,0.0,80761.0,-20.4,101461.0,10.31,91978.0,,,,,
Housing & Homeless Services,Planning and Development,General Fund,Personal Services,General Fund,8924662.0,16.19,7680981.0,15.36,6658034.0,-5.31,7031654.0,21.57,5783913.0,18.68,4873604.0,0.8,4834959.0,-6.43,5167172.0,11.1,4651095.0,,,,,
Housing & Homeless Services,Planning and Development,General Fund,Purchase of Services,General Fund,15381344.0,27.18,12093786.0,201.86,4006463.0,-81.58,21756463.0,1.95,21339463.0,279.74,5619463.0,55.26,3619463.0,-30.29,5192113.0,33.11,3900596.0,,,,,
Housing & Homeless Services,Planning and Development,Grants Revenue Fund,Personal Services,Grants Revenue Fund,90000.0,0.0,90000.0,0.0,90000.0,0.0,90000.0,0.0,90000.0,0.0,90000.0,0.0,90000.0,0.0,90000.0,0.0,90000.0,,,,,
Housing & Homeless Services,Planning and Development,Grants Revenue Fund,Purchase of Services,Grants Revenue Fund,145089188.0,-31.25,211033938.0,52.52,138366537.0,23.45,112081433.0,0.01,112073872.0,-47.94,215273872.0,247.26,61992437.0,0.34,61780058.0,9.99,56168222.0,,,,,
Housing & Homeless Services,Planning and Development,Housing Trust Fund,"Materials, Supplies & Equip.",Housing Trust Fund,150000.0,0.0,150000.0,,,,150000.0,0.0,150000.0,0.0,150000.0,,,,,,,,,,,
Housing & Homeless Services,Planning and Development,Housing Trust Fund,Pers. Svcs.-Emp.Benefits,Housing Trust Fund,2166117.0,0.0,2166117.0,65.5,1308857.0,335.67,300425.0,-20.93,379954.0,84.14,206336.0,,,,,,,,,,,
Housing & Homeless Services,Planning and Development,Housing Trust Fund,Personal Services,Housing Trust Fund,4536177.0,0.02,4535197.0,0.29,4522143.0,15.53,3914143.0,36.35,2870664.0,40.47,2043664.0,-9.17,2250000.0,0.0,2250000.0,80.0,1250000.0,,,,,
Housing & Homeless Services,Planning and Development,Housing Trust Fund,Purchase of Services,Housing Trust Fund,59604720.0,4.67,56946652.0,0.0,56946652.0,-42.24,98589432.0,26.82,77741382.0,2.57,75794000.0,27.38,59502000.0,-10.07,66166000.0,70.75,38750000.0,,,,,
Immigration Services,Office of Community Empowerment and Opportunity,General Fund,"Contrib., Indemnities & Taxes",General Fund,,,,,0.0,,0.0,,,,0.0,,,,,,0.0,,,,,
Immigration Services,Office of Community Empowerment and Opportunity,General Fund,"Materials, Supplies & Equip.",General Fund,34998.0,118.76,15998.0,-96.9,515998.0,3125.39,15998.0,320.12,3808.0,,,,,,,,,,,,,
Immigration Services,Office of Community Empowerment and Opportunity,General Fund,Personal Services,General Fund,2413855.0,45.46,1659447.0,-52.74,3511054.0,126.95,1547054.0,773.13,177185.0,293.74,45000.0,0.0,45000.0,-50.0,90000.0,0.0,90000.0,,,,,
Immigration Services,Office of Community Empowerment and Opportunity,General Fund,Purchase of Services,General Fund,4950607.0,43.56,3448357.0,82.76,1886857.0,0.0,1886857.0,10.08,1714007.0,17.08,1464000.0,,0.0,,0.0,,0.0,,,,,
Immigration Services,Office of Community Empowerment and Opportunity,Grants Revenue Fund,"Materials, Supplies & Equip.",Grants Revenue Fund,93685.0,0.0,93685.0,,,,76925.0,-84.9,509357.0,-22.18,654550.0,739.36,77982.0,19.66,65172.0,-7.61,70540.0,,,,,
Immigration Services,Office of Community Empowerment and Opportunity,Grants Revenue Fund,Pers. Svcs.-Emp.Benefits,Grants Revenue Fund,2035962.0,40.97,1444240.0,19.71,1206486.0,109.94,574681.0,-3.43,595062.0,4.89,567303.0,11.11,510594.0,3.59,492916.0,14.79,429391.0,,,,,
Immigration Services,Office of Community Empowerment and Opportunity,Grants Revenue Fund,Personal Services,Grants Revenue Fund,5164193.0,-10.39,5762793.0,9.53,5261433.0,10.35,4767787.0,40.06,3404070.0,3.96,3274478.0,18.23,2769699.0,5.68,2620739.0,9.24,2399073.0,,,,,
Immigration Services,Office of Community Empowerment and Opportunity,Grants Revenue Fund,Purchase of Services,Grants Revenue Fund,33165953.0,4.48,31744411.0,10.95,28611863.0,2.7,27860044.0,-15.27,32881765.0,-12.5,37578804.0,21.61,30900794.0,99.66,15477033.0,-1.08,15646220.0,,,,,
Libraries,Free Library,General Fund,"Contrib., Indemnities & Taxes",General Fund,0.0,,0.0,,0.0,,0.0,,0.0,,0.0,,0.0,,0.0,,0.0,,,,,
Libraries,Free Library,General Fund,"Materials, Supplies & Equip.",General Fund,8445551.0,1.2,8345551.0,2.24,8163098.0,8.65,7513098.0,85.87,4042128.0,119.43,1842128.0,0.0,1842128.0,-20.0,2302659.0,0.0,2302659.0,,,,,
Libraries,Free Library,General Fund,Personal Services,General Fund,65588857.0,5.63,62094315.0,4.64,59340820.0,0.37,59121703.0,16.13,50911555.0,33.37,38171857.0,7.38,35549343.0,-12.51,40633647.0,10.84,36659781.0,,,,,
Libraries,Free Library,General Fund,Purchase of Services,General Fund,4224722.0,0.0,4224722.0,0.6,4199722.0,-2.33,4299722.0,22.98,3496262.0,26.09,2772879.0,22.73,2259262.0,-20.0,2824077.0,21.51,2324077.0,,,,,
Libraries,Free Library,Grants Revenue Fund,"Materials, Supplies & Equip.",Grants Revenue Fund,8115739.0,10.02,7376391.0,-12.38,8418944.0,4.22,8078046.0,115.91,3741479.0,-4.51,3918152.0,16.39,3366275.0,5.33,3195865.0,-3.19,3301157.0,,,,,
Libraries,Free Library,Grants Revenue Fund,Pers. Svcs.-Emp.Benefits,Grants Revenue Fund,,,,,,,,,,,,,,,173019.0,34.9,128255.0,,,,,
Libraries,Free Library,Grants Revenue Fund,Personal Services,Grants Revenue Fund,2069697.0,9.23,1894856.0,-7.09,2039539.0,-11.5,2304558.0,24.81,1846461.0,9.48,1686554.0,-24.99,2248507.0,145.91,914361.0,-20.08,1144106.0,,,,,
Libraries,Free Library,Grants Revenue Fund,Purchase of Services,Grants Revenue Fund,3028751.0,2.39,2957944.0,1.59,2911611.0,-22.26,3745550.0,32.09,2835578.0,0.59,2818812.0,0.36,2808718.0,-28.45,3925265.0,-2.85,4040285.0,,,,,
Mental Health & Substance Use Services,Office of Behavioral Health and Intellectual disAbility,General Fund,"Contrib., Indemnities & Taxes",General Fund,0.0,,0.0,,,,,,,,,,,,,,,,,,,
Mental Health & Substance Use Services,Office of Behavioral Health and Intellectual disAbility,General Fund,"Materials, Supplies & Equip.",General Fund,204000.0,0.0,204000.0,96.15,104000.0,0.0,104000.0,,0.0,-100.0,43200.0,,,,,,,,,,,
Mental Health & Substance Use Services,Office of Behavioral Health and Intellectual disAbility,General Fund,Personal Services,General Fund,4154985.0,5.6,3934703.0,7.47,3661271.0,0.0,3661271.0,1.97,3590639.0,20.45,2980922.0,92.75,1546510.0,0.78,1534468.0,42.51,1076779.0,,,,,
Mental Health & Substance Use Services,Office of Behavioral Health and Intellectual disAbility,General Fund,Purchase of Services,General Fund,28145405.0,2.74,27395405.0,8.57,25233432.0,-0.1,25259177.0,6.47,23723599.0,15.6,20522810.0,47.32,13930892.0,-2.99,14360976.0,9.41,13125510.0,,,,,
Mental Health & Substance Use Services,Office of Behavioral Health and Intellectual disAbility,Grants Revenue Fund,"Materials, Supplies & Equip.",Grants Revenue Fund,764250.0,60.89,475000.0,43.94,330000.0,10.92,297500.0,17.31,253600.0,1.44,250000.0,0.0,250000.0,0.0,250000.0,0.0,250000.0,,,,,
Mental Health & Substance Use Services,Office of Behavioral Health and Intellectual disAbility,Grants Revenue Fund,Payments to Other Funds,Grants Revenue Fund,140905.0,7.26,131365.0,8.7,120853.0,3.01,117317.0,5.09,111640.0,10.08,101416.0,2.51,98934.0,1.67,97308.0,14.88,84707.0,,,,,
Mental Health & Substance Use Services,Office of Behavioral Health and Intellectual disAbility,Grants Revenue Fund,Pers. Svcs.-Emp.Benefits,Grants Revenue Fund,13439997.0,7.23,12533888.0,8.66,11535126.0,3.0,11199231.0,4.34,10733582.0,14.84,9346166.0,0.03,9343138.0,0.82,9266948.0,14.82,8070519.0,,,,,
Mental Health & Substance Use Services,Office of Behavioral Health and Intellectual disAbility,Grants Revenue Fund,Personal Services,Grants Revenue Fund,28361325.0,7.21,26453725.0,8.63,24351070.0,2.99,23643922.0,4.61,22601600.0,11.0,20361162.0,2.22,19919849.0,1.34,19656090.0,14.73,17132274.0,,,,,
Mental Health & Substance Use Services,Office of Behavioral Health and Intellectual disAbility,Grants Revenue Fund,Purchase of Services,Grants Revenue Fund,273699346.0,1.51,269634057.0,-4.05,281013276.0,0.6,279341230.0,1.73,274596336.0,-0.14,274969368.0,3.82,264841345.0,3.37,256212513.0,3.94,246507560.0,,,,,
Mental Health & Substance Use Services,Office of Behavioral Health and Intellectual disAbility,Healthchoices Behavioral Health Revenue Fund,"Materials, Supplies & Equip.",Healthchoices Behavioral Health Revenue Fund,,,5000.0,,,,,,,,,,,,,,,,,,,
Mental Health & Substance Use Services,Office of Behavioral Health and Intellectual disAbility,Healthchoices Behavioral Health Revenue Fund,Payments to Other Funds,Healthchoices Behavioral Health Revenue Fund,100000.0,0.0,100000.0,,,,100000.0,0.0,100000.0,0.0,100000.0,-48.72,195000.0,66.67,117000.0,17.0,100000.0,,,,,
Mental Health & Substance Use Services,Office of Behavioral Health and Intellectual disAbility,Healthchoices Behavioral Health Revenue Fund,Pers. Svcs.-Emp.Benefits,Healthchoices Behavioral Health Revenue Fund,177171.0,0.2,176816.0,9.21,161903.0,0.47,161139.0,-50.7,326862.0,0.37,325673.0,8.78,299394.0,,,,,,,,,
Mental Health & Substance Use Services,Office of Behavioral Health and Intellectual disAbility,Healthchoices Behavioral Health Revenue Fund,Personal Services,Healthchoices Behavioral Health Revenue Fund,533122.0,6.18,502071.0,9.08,460297.0,0.28,459029.0,-50.85,933892.0,0.84,926116.0,-2.27,947592.0,18.45,800000.0,0.0,800000.0,,,,,
Mental Health & Substance Use Services,Office of Behavioral Health and Intellectual disAbility,Healthchoices Behavioral Health Revenue Fund,Purchase of Services,Healthchoices Behavioral Health Revenue Fund,1523516707.0,-0.1,1525026113.0,,,,1439499832.0,7.6,1337817246.0,2.23,1308648211.0,0.78,1298558014.0,-0.04,1299083000.0,-0.0,1299100000.0,,,,,
Parks & Recreation,Parks and Recreation,General Fund,"Contrib., Indemnities & Taxes",General Fund,1500000.0,-57.14,3500000.0,133.33,1500000.0,0.0,1500000.0,0.0,1500000.0,-25.0,2000000.0,33.33,1500000.0,-44.67,2711000.0,-6.44,2897500.0,,,,,
Parks & Recreation,Parks and Recreation,General Fund,"Materials, Supplies & Equip.",General Fund,4782248.0,1.64,4705038.0,0.11,4700038.0,32.82,3538538.0,20.77,2930025.0,14.8,2552225.0,26.21,2022225.0,-26.21,2740630.0,-0.36,2750630.0,,,,,
Parks & Recreation,Parks and Recreation,General Fund,Payments to Other Funds,General Fund,0.0,,0.0,,0.0,,0.0,,0.0,,0.0,,0.0,,0.0,-100.0,1550000.0,,,,,
Parks & Recreation,Parks and Recreation,General Fund,Personal Services,General Fund,72052757.0,7.45,67057180.0,4.11,64409830.0,-1.97,65706117.0,7.66,61031936.0,16.58,52352786.0,11.57,46921787.0,-10.61,52490935.0,6.37,49347561.0,,,,,
Parks & Recreation,Parks and Recreation,General Fund,Purchase of Services,General Fund,10983442.0,-8.88,12053442.0,10.7,10888442.0,25.54,8673442.0,13.02,7674442.0,35.6,5659542.0,26.27,4482142.0,-37.01,7115490.0,-25.23,9516490.0,,,,,
Parks & Recreation,Parks and Recreation,Grants Revenue Fund,"Materials, Supplies & Equip.",Grants Revenue Fund,3576075.0,-50.98,7294463.0,-7.64,7897520.0,0.17,7884020.0,0.23,7866257.0,0.0,7866257.0,,,,7533383.0,2.55,7346383.0,,,,,
Parks & Recreation,Parks and Recreation,Grants Revenue Fund,Pers. Svcs.-Emp.Benefits,Grants Revenue Fund,84500.0,0.0,84500.0,-25.94,114100.0,0.0,114100.0,-23.66,149469.0,-15.1,176047.0,2.7,171415.0,-69.83,568241.0,-4.09,592471.0,,,,,
Parks & Recreation,Parks and Recreation,Grants Revenue Fund,Personal Services,Grants Revenue Fund,2347900.0,-7.94,2550424.0,-14.95,2998580.0,-8.45,3275406.0,-11.12,3685105.0,-7.66,3991005.0,18.97,3354755.0,-8.36,3660991.0,9.68,3337979.0,,,,,
Parks & Recreation,Parks and Recreation,Grants Revenue Fund,Purchase of Services,Grants Revenue Fund,9032538.0,2.68,8796781.0,255.34,2475562.0,28.9,1920562.0,11.59,1721059.0,-14.82,2020559.0,10.79,1823731.0,1.87,1790209.0,-7.61,1937709.0,,,,,
Police,Citizens Police Oversight Commission,General Fund,"Materials, Supplies & Equip.",General Fund,42000.0,250.0,12000.0,,,,,,,,,,,,,,,,"The Citizens Police Oversight Commission (CPOC) oversees and investigates the conduct, policies, and practices of the Philadelphia Police Department (PPD).",,,
Police,Citizens Police Oversight Commission,General Fund,Personal Services,General Fund,2661621.0,0.21,2656030.0,,,,,,,,,,,,,,,,"The Citizens Police Oversight Commission (CPOC) oversees and investigates the conduct, policies, and practices of the Philadelphia Police Department (PPD).",,,
Police,Citizens Police Oversight Commission,General Fund,Purchase of Services,General Fund,438002.0,0.0,438002.0,,,,,,,,,,,,,,,,"The Citizens Police Oversight Commission (CPOC) oversees and investigates the conduct, policies, and practices of the Philadelphia Police Department (PPD).",,,
Police,Police,Aviation Fund,"Materials, Supplies & Equip.",Aviation Fund,99200.0,0.0,99200.0,0.0,99200.0,-12.68,113600.0,3.65,109600.0,29.55,84600.0,,,,93000.0,0.0,93000.0,,,,,
Police,Police,Aviation Fund,Personal Services,Aviation Fund,22023255.0,4.75,21025008.0,0.0,21025008.0,10.96,18948984.0,18.71,15962091.0,8.81,14670044.0,,,,17861395.0,5.31,16961237.0,,,,,
Police,Police,Aviation Fund,Purchase of Services,Aviation Fund,115200.0,0.0,115200.0,0.0,115200.0,30.91,88000.0,21.11,72660.0,0.28,72460.0,,,,77500.0,0.0,77500.0,,,,,
Police,Police,General Fund,"Contrib., Indemnities & Taxes",General Fund,0.0,,0.0,,0.0,,0.0,,0.0,,0.0,,0.0,,0.0,,0.0,,,,,
Police,Police,General Fund,"Materials, Supplies & Equip.",General Fund,16650557.0,-9.84,18467546.0,9.38,16884475.0,0.05,16875982.0,1.97,16549152.0,13.51,14579952.0,13.96,12794012.0,-11.48,14452710.0,8.9,13270952.0,,,,,
Police,Police,General Fund,Payments to Other Funds,General Fund,,,,,0.0,-100.0,22500000.0,350.0,5000000.0,,,,,,,,,,,,,
Police,Police,General Fund,Personal Services,General Fund,896422106.0,7.36,834940051.0,-0.73,841047186.0,5.12,800086615.0,6.17,753577996.0,6.99,704349409.0,0.04,704077967.0,-1.99,718359324.0,4.3,688759185.0,,,,,
Police,Police,General Fund,Purchase of Services,General Fund,21323109.0,6.15,20087223.0,2.99,19504171.0,19.15,16369164.0,26.72,12917116.0,23.98,10418373.0,2.79,10135755.0,21.34,8353063.0,11.93,7462807.0,,,,,
Police,Police,Grants Revenue Fund,"Materials, Supplies & Equip.",Grants Revenue Fund,11416701.0,-37.63,18306131.0,0.31,18250406.0,,,,,,7902002.0,13.91,6937200.0,-3.0,7151521.0,,,,,,,
Police,Police,Grants Revenue Fund,Pers. Svcs.-Emp.Benefits,Grants Revenue Fund,311005.0,-85.93,2210698.0,0.0,2210698.0,,,,,,366700.0,0.0,366700.0,1.51,361232.0,,,,,,,
Police,Police,Grants Revenue Fund,Personal Services,Grants Revenue Fund,13245234.0,-28.1,18420846.0,60.11,11505075.0,,,,5404180.0,-14.77,6340966.0,36.23,4654600.0,33.99,3473869.0,,,,,,,
Police,Police,Grants Revenue Fund,Purchase of Services,Grants Revenue Fund,15633899.0,60.8,9722700.0,2.38,9496600.0,,,,,,2365126.0,-30.57,3406278.0,-1.36,3453363.0,,,,,,,
Public Health Centers,Public Health,Acute Care Hospital Fund,"Materials, Supplies & Equip.",Acute Care Hospital Fund,1075500.0,0.0,1075500.0,0.0,1075500.0,,,,1475000.0,28.26,1150000.0,27.78,900000.0,-32.79,1339000.0,,,,,,,
Public Health Centers,Public Health,Acute Care Hospital Fund,Payments to Other Funds,Acute Care Hospital Fund,4500000.0,0.0,4500000.0,0.0,4500000.0,,,,4500000.0,0.0,4500000.0,0.0,4500000.0,0.0,4500000.0,,,,,,,
Public Health Centers,Public Health,Acute Care Hospital Fund,Personal Services,Acute Care Hospital Fund,9854232.0,-1.36,9990215.0,27.58,7830623.0,-1.77,7971425.0,-27.1,10934422.0,10.84,9865400.0,38.23,7137142.0,-15.2,8416081.0,,,,,,,
Public Health Centers,Public Health,Acute Care Hospital Fund,Purchase of Services,Acute Care Hospital Fund,271353767.0,12.08,242100291.0,0.03,242029938.0,-0.08,242214734.0,-0.1,242447696.0,-21.01,306926320.0,0.31,305990450.0,0.36,304898327.0,104.63,149000000.0,,,,,
Public Health Centers,Public Health,General Fund,"Contrib., Indemnities & Taxes",General Fund,0.0,,0.0,,0.0,,0.0,,0.0,,0.0,,0.0,,0.0,,0.0,,,,,
Public Health Centers,Public Health,General Fund,"Materials, Supplies & Equip.",General Fund,8436655.0,1.35,8324326.0,0.0,8324326.0,-3.3,8608549.0,27.6,6746403.0,-8.41,7366053.0,8.82,6768973.0,-9.98,7519148.0,-10.46,8397518.0,,,,,
Public Health Centers,Public Health,General Fund,Payments to Other Funds,General Fund,923404.0,-91.53,10904680.0,1080.92,923404.0,0.0,923404.0,0.0,923404.0,0.0,923404.0,-79.12,4423404.0,-1.7,4500000.0,800.0,500000.0,,,,,
Public Health Centers,Public Health,General Fund,Personal Services,General Fund,80339658.0,10.9,72442924.0,4.33,69433197.0,0.56,69046910.0,10.02,62755979.0,5.89,59267291.0,2.8,57654465.0,-1.16,58328165.0,6.33,54853461.0,,,,,
Public Health Centers,Public Health,General Fund,Purchase of Services,General Fund,68798459.0,-2.71,70717074.0,-3.32,73145734.0,4.26,70157457.0,-22.72,90784022.0,-4.89,95447448.0,5.46,90506143.0,0.31,90224827.0,-2.86,92882896.0,,,,,
Public Health Centers,Public Health,Grants Revenue Fund,"Materials, Supplies & Equip.",Grants Revenue Fund,25466165.0,-5.74,27017070.0,,,,28842219.0,12.38,25664381.0,-38.26,41569123.0,86.94,22236836.0,1.03,22009735.0,-4.02,22930926.0,,,,,
Public Health Centers,Public Health,Grants Revenue Fund,Payments to Other Funds,Grants Revenue Fund,1171752.0,-11.7,1326967.0,,,,1755561.0,-44.85,3183453.0,104.59,1555994.0,-92.89,21886695.0,1.37,21591455.0,2354.32,879732.0,,,,,
Public Health Centers,Public Health,Grants Revenue Fund,Pers. Svcs.-Emp.Benefits,Grants Revenue Fund,6596614.0,-6.38,7046425.0,-6.62,7546041.0,-19.75,9403194.0,7.81,8722215.0,59.62,5464322.0,11.78,4888264.0,12.03,4363487.0,1.53,4297637.0,,,,,
Public Health Centers,Public Health,Grants Revenue Fund,Personal Services,Grants Revenue Fund,19827365.0,-12.61,22687387.0,-17.65,27550467.0,-22.24,35430183.0,17.38,30183672.0,34.09,22510330.0,9.79,20503318.0,9.04,18803213.0,-1.26,19043038.0,,,,,
Public Health Centers,Public Health,Grants Revenue Fund,Purchase of Services,Grants Revenue Fund,169769342.0,-35.39,262749340.0,-41.07,445903375.0,5.43,422937583.0,31.21,322324774.0,83.27,175869859.0,45.04,121258096.0,20.58,100563075.0,-6.07,107060965.0,,,,,
Schools & Early Childhood Education,Office of Education,General Fund,"Contrib., Indemnities & Taxes",General Fund,,,,,,,,,,,,,,,0.0,-100.0,100000.0,,,,,
Schools & Early Childhood Education,Office of Education,General Fund,"Materials, Supplies & Equip.",General Fund,153787.0,13.97,134937.0,,,,,,,,,,,,42000.0,-7.79,45550.0,,,,,
Schools & Early Childhood Education,Office of Education,General Fund,Personal Services,General Fund,4627859.0,5.13,4402104.0,,,,,,,,,,,,3292180.0,27.01,2592084.0,,,,,
Schools & Early Childhood Education,Office of Education,General Fund,Purchase of Services,General Fund,5112739.0,9.4,4673399.0,,,,,,,,,,,,42015834.0,89.16,22211818.0,,,,,
Schools & Early Childhood Education,Office of Education,Grants Revenue Fund,"Materials, Supplies & Equip.",Grants Revenue Fund,163350.0,-3.6,169450.0,,,,,,,,,,,,1500.0,0.0,1500.0,,,,,
Schools & Early Childhood Education,Office of Education,Grants Revenue Fund,Pers. Svcs.-Emp.Benefits,Grants Revenue Fund,467529.0,2.75,455000.0,,,,,,,,,,,,34063.0,0.0,34063.0,,,,,
Schools & Early Childhood Education,Office of Education,Grants Revenue Fund,Personal Services,Grants Revenue Fund,2042334.0,-2.9,2103228.0,,,,,,,,,,,,171667.0,123.91,76667.0,,,,,
Schools & Early Childhood Education,Office of Education,Grants Revenue Fund,Purchase of Services,Grants Revenue Fund,587246.0,4.11,564063.0,,,,,,,,,,,,189630.0,0.0,189630.0,,,,,
Streets,Streets,County Liquid Fuels Tax Fund,"Materials, Supplies & Equip.",County Liquid Fuels Tax Fund,400000.0,0.0,400000.0,0.0,400000.0,0.0,400000.0,0.0,400000.0,100.0,200000.0,0.0,200000.0,,,,200000.0,,,,,
Streets,Streets,County Liquid Fuels Tax Fund,Payments to Other Funds,County Liquid Fuels Tax Fund,18670.0,0.0,18670.0,-0.48,18760.0,0.48,18670.0,0.0,18670.0,0.0,18670.0,0.0,18670.0,,,,18670.0,,,,,
Streets,Streets,County Liquid Fuels Tax Fund,Personal Services,County Liquid Fuels Tax Fund,166884.0,-94.93,3292000.0,1.02,3258910.0,-12.72,3734000.0,0.0,3734000.0,0.0,3734000.0,0.0,3734000.0,,,,3734000.0,,,,,
Streets,Streets,County Liquid Fuels Tax Fund,Purchase of Services,County Liquid Fuels Tax Fund,11455446.0,37.68,8320330.0,0.0,8320330.0,23.81,6720330.0,0.0,6720330.0,-2.89,6920330.0,0.0,6920330.0,,,,3320330.0,,,,,
Streets,Streets,Grants Revenue Fund,"Materials, Supplies & Equip.",Grants Revenue Fund,,,,,6028000.0,89.83,3175535.0,120.98,1437000.0,-70.77,4917000.0,-8.32,5363000.0,-19.88,6694000.0,13.77,5884000.0,,,,,
Streets,Streets,Grants Revenue Fund,Personal Services,Grants Revenue Fund,745200.0,142.26,307600.0,-46.21,571892.0,-44.77,1035456.0,-5.0,1090000.0,0.0,1090000.0,0.0,1090000.0,-6.03,1160000.0,-14.39,1355000.0,,,,,
Streets,Streets,Grants Revenue Fund,Purchase of Services,Grants Revenue Fund,62215000.0,-24.11,81979000.0,-31.29,119316890.0,67.97,71035390.0,29.81,54720500.0,59.07,34400000.0,11.81,30766000.0,40.95,21827000.0,31.96,16540000.0,,,,,
Streets,Streets,Special Gasoline Tax Fund,"Materials, Supplies & Equip.",Special Gasoline Tax Fund,11675000.0,0.0,11675000.0,0.0,11675000.0,-1.78,11886222.0,,,,11886222.0,0.0,11886222.0,-4.04,12386269.0,0.0,12386269.0,,,,,
Streets,Streets,Special Gasoline Tax Fund,Payments to Other Funds,Special Gasoline Tax Fund,20000.0,0.0,20000.0,-33.33,30000.0,0.0,30000.0,,,,30000.0,0.0,30000.0,0.0,30000.0,0.0,30000.0,,,,,
Streets,Streets,Special Gasoline Tax Fund,Personal Services,Special Gasoline Tax Fund,11465985.0,37.62,8331795.0,-26.23,11294283.0,0.0,11294283.0,,,,11294283.0,20.52,9371502.0,37.93,6794388.0,0.0,6794388.0,,,,,
Streets,Streets,Special Gasoline Tax Fund,Purchase of Services,Special Gasoline Tax Fund,13548527.0,-18.78,16681717.0,0.0,16681717.0,-0.05,16689495.0,,,,16689495.0,-10.47,18641276.0,11.43,16729343.0,0.0,16729343.0,,,,,
Streets,Streets,Transportation Fund,"Materials, Supplies & Equip.",Transportation Fund,,,,,9624523.0,0.0,9624523.0,,,,,,,,,,,,,,,
Streets,Streets,Transportation Fund,Payments to Other Funds,Transportation Fund,,,,,2145593.0,,,,,,,,,,,,,,,,,
Streets,Streets,Transportation Fund,Personal Services,Transportation Fund,,,,,50801224.0,0.69,50455160.0,,,,,,,,,,,,,,,
Streets,Streets,Transportation Fund,Purchase of Services,Transportation Fund,,,,,13990739.0,0.0,13990739.0,,,,,,,,,,,,,,,
Trash & Sanitation,Sanitation,General Fund,"Contrib., Indemnities & Taxes",General Fund,53171.0,0.0,53171.0,0.0,53171.0,0.0,53171.0,0.0,53171.0,0.0,53171.0,0.0,53171.0,0.0,53171.0,0.0,53171.0,,,,,
Trash & Sanitation,Sanitation,General Fund,"Materials, Supplies & Equip.",General Fund,5039632.0,-12.61,5766632.0,-31.65,8437104.0,-32.18,12439954.0,-43.44,21994981.0,54.73,14215207.0,130.28,6172885.0,-19.88,7704196.0,-8.74,8442104.0,,,,,
Trash & Sanitation,Sanitation,General Fund,Payments to Other Funds,General Fund,,,,,,,,,,,,,,,,,0.0,,,,,
Trash & Sanitation,Sanitation,General Fund,Personal Services,General Fund,115837640.0,8.12,107134671.0,11.3,96254427.0,6.94,90005569.0,-26.63,122676329.0,34.83,90986330.0,4.24,87283619.0,-3.52,90464913.0,7.32,84297081.0,,,,,
Trash & Sanitation,Sanitation,General Fund,Purchase of Services,General Fund,3834816.0,0.35,3821616.0,36.65,2796616.0,-48.8,5461616.0,-69.19,17725345.0,110.58,8417345.0,4.56,8050100.0,-23.12,10470639.0,7.97,9698129.0,,,,,
Trash & Sanitation,Sanitation,Grants Revenue Fund,"Materials, Supplies & Equip.",Grants Revenue Fund,1777000.0,-2.52,1823000.0,,,,,,,,,,,,,,,,,,,
Trash & Sanitation,Sanitation,Grants Revenue Fund,Personal Services,Grants Revenue Fund,354500.0,0.0,354500.0,,,,,,,,,,,,,,,,,,,
Trash & Sanitation,Sanitation,Grants Revenue Fund,Purchase of Services,Grants Revenue Fund,7074009.0,4.66,6758899.0,,,,,,,,,,,,,,,,,,,
Trash & Sanitation,Sanitation,Special Gasoline Tax Fund,Payments to Other Funds,Special Gasoline Tax Fund,10000.0,0.0,10000.0,,,,,,,,,,,,,,,,,,,
Trash & Sanitation,Sanitation,Special Gasoline Tax Fund,Personal Services,Special Gasoline Tax Fund,2962488.0,0.0,2962488.0,,,,,,,,,,,,,,,,,,,
Youth Services,Human Services,General Fund,"Contrib., Indemnities & Taxes",General Fund,0.0,,0.0,,0.0,,0.0,,0.0,-100.0,1393638.0,,0.0,,0.0,,0.0,,,,,
Youth Services,Human Services,General Fund,"Materials, Supplies & Equip.",General Fund,1865136.0,0.0,1865136.0,3.49,1802170.0,0.0,1802170.0,-14.67,2111970.0,0.0,2111970.0,0.0,2111970.0,2.03,2069970.0,0.0,2069970.0,,,,,
Youth Services,Human Services,General Fund,Personal Services,General Fund,38313511.0,4.3,36733759.0,-3.35,38007007.0,1.63,37396767.0,8.5,34466970.0,7.1,32182866.0,1.61,31673433.0,14.57,27646449.0,1.47,27246823.0,,,,,
Youth Services,Human Services,General Fund,Purchase of Services,General Fund,194336763.0,1.81,190873006.0,4.53,182595641.0,1.15,180510950.0,18.25,152645655.0,7.06,142585334.0,10.27,129305230.0,44.88,89248594.0,7.84,82756805.0,,,,,
Youth Services,Human Services,Grants Revenue Fund,"Materials, Supplies & Equip.",Grants Revenue Fund,4066643.0,-5.34,4295935.0,4.78,4100058.0,6.73,3841502.0,4.72,3668242.0,,,,3929155.0,0.0,3929155.0,0.0,3929155.0,,,,,
Youth Services,Human Services,Grants Revenue Fund,Payments to Other Funds,Grants Revenue Fund,8000000.0,0.0,8000000.0,0.0,8000000.0,0.0,8000000.0,0.0,8000000.0,,,,,,,,,,,,,
Youth Services,Human Services,Grants Revenue Fund,Pers. Svcs.-Emp.Benefits,Grants Revenue Fund,73649358.0,8.59,67825957.0,4.77,64736242.0,1.19,63975743.0,2.41,62472461.0,-2.0,63748794.0,-3.05,65751515.0,63.05,40324776.0,4.78,38485241.0,,,,,
Youth Services,Human Services,Grants Revenue Fund,Personal Services,Grants Revenue Fund,103416951.0,7.85,95891046.0,-1.37,97225427.0,4.5,93041286.0,5.18,88459822.0,-1.06,89405490.0,0.11,89303995.0,1.83,87702944.0,7.46,81613995.0,,,,,
Youth Services,Human Services,Grants Revenue Fund,Purchase of Services,Grants Revenue Fund,578441692.0,1.58,569431870.0,6.78,533260895.0,0.56,530294537.0,4.68,506590016.0,6.1,477468227.0,-0.32,479001330.0,-2.46,491056957.0,1.36,484484329.0,,,,,
